Value,Sample,Variable1,Variable2,Variable3
0.053347424,Dry,Cell Associated,Cell Associated,b Relative abundance
0.113243843,Dry,Cell Associated,Cell Associated,b Relative abundance
0.11533974,Dry,Cell Associated,Cell Associated,b Relative abundance
0.012717624,Dry,Cell Associated,Cell Associated,d Transcriptional activity
0.012470538,Dry,Cell Associated,Cell Associated,d Transcriptional activity
0.015086249,Dry,Cell Associated,Cell Associated,d Transcriptional activity
0.033557047,Dry,Cell Associated,Cell Associated,c % active vOTU
0.028368794,Dry,Cell Associated,Cell Associated,c % active vOTU
0.04,Dry,Cell Associated,Cell Associated,c % active vOTU
0.042553191,Dry,Cell Associated,Cell Associated,a Relative richness
0.028368794,Dry,Cell Associated,Cell Associated,a Relative richness
0.039007092,Dry,Cell Associated,Cell Associated,a Relative richness
0.11008723,Wet,Cell Associated,Cell Associated,b Relative abundance
0.13952067,Wet,Cell Associated,Cell Associated,b Relative abundance
0.150214429,Wet,Cell Associated,Cell Associated,b Relative abundance
0.037908811,Wet,Cell Associated,Cell Associated,d Transcriptional activity
0.045895386,Wet,Cell Associated,Cell Associated,d Transcriptional activity
0.098861637,Wet,Cell Associated,Cell Associated,d Transcriptional activity
0.012121212,Wet,Cell Associated,Cell Associated,c % active vOTU
0.005617978,Wet,Cell Associated,Cell Associated,c % active vOTU
0.01734104,Wet,Cell Associated,Cell Associated,c % active vOTU
0.009966777,Wet,Cell Associated,Cell Associated,a Relative richness
0.013289037,Wet,Cell Associated,Cell Associated,a Relative richness
0.013289037,Wet,Cell Associated,Cell Associated,a Relative richness