VC,BinCluster,VC_tax,BinTax,Sample1,CopyPerCell,BinAbundance,Sample
306PNNLk127_18242967,Cluster48,Siphoviridae,k__Bacteria;p__Proteobacteria;c__Betaproteobacteria;o__Burkholderiales,D15_297,0.004435614,0.546830963,D15
306PNNLk127_18242967,Cluster43,Siphoviridae,k__Bacteria;p__Actinobacteria;c__Actinobacteria;o__Actinomycetales,D15_297,0.006576463,0.438000514,D15
306PNNLk127_17212241,Cluster94,Siphoviridae,k__Bacteria;p__Proteobacteria;c__Alphaproteobacteria,D15_297,0.00698208,4.031197342,D15
317PNNLk127_20280552,Cluster57,Unassigned,k__Bacteria;p__Acidobacteria,D15_297,0.01127762,1.519390116,D15
306PNNLk127_29030829,Cluster115,Siphoviridae,k__Bacteria;p__Actinobacteria;c__Actinobacteria;o__Actinomycetales,D15_297,0.013945409,0.036811629,D15
297PNNLk127_22059907,Cluster93,Unassigned,k__Bacteria;p__Proteobacteria;c__Alphaproteobacteria;o__Rhizobiales,D15_297,0.021442407,0.111371855,D15
297PNNLk127_22059907,Cluster56,Unassigned,k__Bacteria;p__Actinobacteria;c__Actinobacteria,D15_297,0.028957457,0.394359913,D15
306PNNLk127_17212241,Cluster58,Siphoviridae,Unclassified,D15_297,0.029724542,0.04440246,D15
317PNNLk127_20280552,Cluster72,Unassigned,Unclassified,D15_297,0.031198825,0.061260424,D15
317PNNLk127_20280552,Cluster73,Unassigned,Unclassified,D15_297,0.0345778,0.057085164,D15
297PNNLk127_8931386,Cluster115,Siphoviridae,k__Bacteria;p__Actinobacteria;c__Actinobacteria;o__Actinomycetales,D15_297,0.052127685,0.036811629,D15
324PNNLk141_12418206,Cluster72,Siphoviridae,Unclassified,D15_297,0.060901268,0.061260424,D15
317PNNLk127_20280552,Cluster76,Unassigned,k__Bacteria;p__Proteobacteria;c__Alphaproteobacteria;o__Rhizobiales,D15_297,0.071506795,0.662049276,D15
317PNNLk127_12386774,Cluster72,Unassigned,Unclassified,D15_297,0.08631886,0.061260424,D15
324PNNLk141_12418206,Cluster73,Siphoviridae,Unclassified,D15_297,0.089996204,0.057085164,D15
306PNNLk127_18242967,Cluster117,Siphoviridae,k__Bacteria;p__Actinobacteria;c__Actinobacteria;o__Actinomycetales,D15_297,0.181976003,1.303030779,D15
317PNNLk127_12386774,Cluster76,Unassigned,k__Bacteria;p__Proteobacteria;c__Alphaproteobacteria;o__Rhizobiales,D15_297,0.197840301,0.662049276,D15
306PNNLk127_29030829,Cluster117,Siphoviridae,k__Bacteria;p__Actinobacteria;c__Actinobacteria;o__Actinomycetales,D15_297,0.233426148,1.303030779,D15
324PNNLk141_12418206,Cluster76,Siphoviridae,k__Bacteria;p__Proteobacteria;c__Alphaproteobacteria;o__Rhizobiales,D15_297,0.248149197,0.662049276,D15
297PNNLk127_22059907,Cluster94,Unassigned,k__Bacteria;p__Proteobacteria;c__Alphaproteobacteria,D15_297,0.264182643,4.031197342,D15
297PNNLk127_8931386,Cluster117,Siphoviridae,k__Bacteria;p__Actinobacteria;c__Actinobacteria;o__Actinomycetales,D15_297,0.34278462,1.303030779,D15
306PNNLk127_19158703,Cluster117,Siphoviridae,k__Bacteria;p__Actinobacteria;c__Actinobacteria;o__Actinomycetales,D15_297,0.399499805,1.303030779,D15
317PNNLk127_20280552,Cluster75,Unassigned,k__Bacteria;p__Proteobacteria;c__Alphaproteobacteria;o__Rhizobiales,D15_297,0.427726778,1.325304008,D15
297PNNLk127_27523483,Cluster117,Unassigned,k__Bacteria;p__Actinobacteria;c__Actinobacteria;o__Actinomycetales,D15_297,0.428959673,1.303030779,D15
297PNNLk127_21950498,Cluster117,Siphoviridae,k__Bacteria;p__Actinobacteria;c__Actinobacteria;o__Actinomycetales,D15_297,0.446581111,1.303030779,D15
317PNNLk127_12386774,Cluster75,Unassigned,k__Bacteria;p__Proteobacteria;c__Alphaproteobacteria;o__Rhizobiales,D15_297,0.462268103,1.325304008,D15
324PNNLk141_12418206,Cluster75,Siphoviridae,k__Bacteria;p__Proteobacteria;c__Alphaproteobacteria;o__Rhizobiales,D15_297,0.765360369,1.325304008,D15
297PNNLk127_27728369,Cluster102,Unassigned,k__Bacteria;p__Proteobacteria;c__Alphaproteobacteria,D15_297,1.045306378,0.233438936,D15
306PNNLk127_17212241,Cluster44,Siphoviridae,k__Bacteria;p__Proteobacteria;c__Betaproteobacteria,D15_297,1.216956238,1.504353508,D15
306PNNLk127_17212241,Cluster8,Siphoviridae,Unclassified,D15_306,0.002364715,4.299356978,D15
306PNNLk127_19158703,Cluster116,Siphoviridae,k__Bacteria;p__Actinobacteria;c__Actinobacteria;o__Actinomycetales,D15_306,0.00904337,0.198003564,D15
306PNNLk127_18242967,Cluster116,Siphoviridae,k__Bacteria;p__Actinobacteria;c__Actinobacteria;o__Actinomycetales,D15_306,0.012346427,0.198003564,D15
306PNNLk127_29030829,Cluster116,Siphoviridae,k__Bacteria;p__Actinobacteria;c__Actinobacteria;o__Actinomycetales,D15_306,0.012602898,0.198003564,D15
306PNNLk127_19158703,Cluster115,Siphoviridae,k__Bacteria;p__Actinobacteria;c__Actinobacteria;o__Actinomycetales,D15_306,0.031576424,0.426525947,D15
306PNNLk127_17212241,Cluster58,Siphoviridae,Unclassified,D15_306,0.033429705,0.137903407,D15
297PNNLk127_21950498,Cluster115,Siphoviridae,k__Bacteria;p__Actinobacteria;c__Actinobacteria;o__Actinomycetales,D15_306,0.035230874,0.426525947,D15
306PNNLk127_29030829,Cluster115,Siphoviridae,k__Bacteria;p__Actinobacteria;c__Actinobacteria;o__Actinomycetales,D15_306,0.03667092,0.426525947,D15
297PNNLk127_21950498,Cluster116,Siphoviridae,k__Bacteria;p__Actinobacteria;c__Actinobacteria;o__Actinomycetales,D15_306,0.040359962,0.198003564,D15
306PNNLk127_18242967,Cluster115,Siphoviridae,k__Bacteria;p__Actinobacteria;c__Actinobacteria;o__Actinomycetales,D15_306,0.043109595,0.426525947,D15
297PNNLk127_8931386,Cluster117,Siphoviridae,k__Bacteria;p__Actinobacteria;c__Actinobacteria;o__Actinomycetales,D15_306,0.154688046,2.070294709,D15
306PNNLk127_19158703,Cluster117,Siphoviridae,k__Bacteria;p__Actinobacteria;c__Actinobacteria;o__Actinomycetales,D15_306,0.197597228,2.070294709,D15
297PNNLk127_27523483,Cluster117,Unassigned,k__Bacteria;p__Actinobacteria;c__Actinobacteria;o__Actinomycetales,D15_306,0.236017856,2.070294709,D15
306PNNLk127_18242967,Cluster117,Siphoviridae,k__Bacteria;p__Actinobacteria;c__Actinobacteria;o__Actinomycetales,D15_306,0.248013325,2.070294709,D15
306PNNLk127_29030829,Cluster117,Siphoviridae,k__Bacteria;p__Actinobacteria;c__Actinobacteria;o__Actinomycetales,D15_306,0.269450756,2.070294709,D15
297PNNLk127_22059907,Cluster94,Unassigned,k__Bacteria;p__Proteobacteria;c__Alphaproteobacteria,D15_306,0.26997794,4.361185319,D15
297PNNLk127_21950498,Cluster117,Siphoviridae,k__Bacteria;p__Actinobacteria;c__Actinobacteria;o__Actinomycetales,D15_306,0.270248456,2.070294709,D15
297PNNLk127_27728369,Cluster102,Unassigned,k__Bacteria;p__Proteobacteria;c__Alphaproteobacteria,D15_306,0.756227657,0.172873421,D15
306PNNLk127_17212241,Cluster44,Siphoviridae,k__Bacteria;p__Proteobacteria;c__Betaproteobacteria,D15_306,1.241984601,0.552724163,D15
306PNNLk127_17212241,Cluster94,Siphoviridae,k__Bacteria;p__Proteobacteria;c__Alphaproteobacteria,D15_317,0.005983442,4.557370938,D15
306PNNLk127_17212241,Cluster89,Siphoviridae,k__Bacteria;p__Proteobacteria;c__Alphaproteobacteria;o__Rhizobiales,D15_317,0.018012999,0.848119232,D15
297PNNLk127_27728369,Cluster79,Unassigned,k__Bacteria;p__Proteobacteria;c__Alphaproteobacteria;o__Rhizobiales,D15_317,0.018191635,0.711784527,D15
324PNNLk141_7436763,Cluster71,Unassigned,k__Bacteria;p__Acidobacteria;c__Acidobacteriia;o__Acidobacteriales,D15_317,0.018355453,0.127654873,D15
297PNNLk127_27728369,Cluster89,Unassigned,k__Bacteria;p__Proteobacteria;c__Alphaproteobacteria;o__Rhizobiales,D15_317,0.022820848,0.848119232,D15
306PNNLk127_17212241,Cluster95,Siphoviridae,Unclassified,D15_317,0.024188352,0.025132174,D15
306PNNLk127_17212241,Cluster93,Siphoviridae,k__Bacteria;p__Proteobacteria;c__Alphaproteobacteria;o__Rhizobiales,D15_317,0.024536641,0.102544312,D15
306PNNLk127_18242967,Cluster116,Siphoviridae,k__Bacteria;p__Actinobacteria;c__Actinobacteria;o__Actinomycetales,D15_317,0.027575696,0.182384308,D15
306PNNLk127_17212241,Cluster58,Siphoviridae,Unclassified,D15_317,0.034629788,0.076424894,D15
306PNNLk127_29030829,Cluster116,Siphoviridae,k__Bacteria;p__Actinobacteria;c__Actinobacteria;o__Actinomycetales,D15_317,0.048450175,0.182384308,D15
297PNNLk127_27728369,Cluster98,Unassigned,k__Bacteria;p__Proteobacteria;c__Alphaproteobacteria;o__Caulobacterales;f__Caulobacteraceae,D15_317,0.070472889,0.137760397,D15
306PNNLk127_19158703,Cluster117,Siphoviridae,k__Bacteria;p__Actinobacteria;c__Actinobacteria;o__Actinomycetales,D15_317,0.1476239,0.803565564,D15
306PNNLk127_18242967,Cluster117,Siphoviridae,k__Bacteria;p__Actinobacteria;c__Actinobacteria;o__Actinomycetales,D15_317,0.210349901,0.803565564,D15
306PNNLk127_29030829,Cluster117,Siphoviridae,k__Bacteria;p__Actinobacteria;c__Actinobacteria;o__Actinomycetales,D15_317,0.241255119,0.803565564,D15
297PNNLk127_22059907,Cluster94,Unassigned,k__Bacteria;p__Proteobacteria;c__Alphaproteobacteria,D15_317,0.24530451,4.557370938,D15
297PNNLk127_8931386,Cluster117,Siphoviridae,k__Bacteria;p__Actinobacteria;c__Actinobacteria;o__Actinomycetales,D15_317,0.263424016,0.803565564,D15
297PNNLk127_27523483,Cluster117,Unassigned,k__Bacteria;p__Actinobacteria;c__Actinobacteria;o__Actinomycetales,D15_317,0.3086773,0.803565564,D15
297PNNLk127_21950498,Cluster117,Siphoviridae,k__Bacteria;p__Actinobacteria;c__Actinobacteria;o__Actinomycetales,D15_317,0.348378661,0.803565564,D15
324PNNLk141_7436763,Cluster52,Unassigned,Unclassified,D15_317,0.718785403,0.520089004,D15
306PNNLk127_17212241,Cluster44,Siphoviridae,k__Bacteria;p__Proteobacteria;c__Betaproteobacteria,D15_317,1.129369486,1.044365804,D15
306PNNLk127_6240701,Cluster90,Unassigned,k__Bacteria;p__Proteobacteria;c__Alphaproteobacteria;o__Rhizobiales,D15_317,1.436831233,0.348475269,D15