id,D1_324,D1_330,D1_335
306PNNLk127_17212241,Not Detected,Not Detected,Not Detected
306PNNLk127_29030829,Not Detected,Not Detected,Not Detected
297PNNLk127_22059907,Not Detected,Not Detected,Not Detected
297PNNLk127_8931386,Not Detected,Not Detected,Not Detected
317PNNLk127_12386774,Not Detected,Not Detected,Not Detected
317PNNLk127_20280552,Not Detected,Not Detected,Not Detected
297PNNLk127_21950498,Not Detected,Not Detected,Not Detected
297PNNLk127_27523483,Not Detected,Not Detected,Not Detected
297PNNLk127_27728369,Not Detected,Not Detected,Not Detected
306PNNLk127_6240701,Not Detected,Not Detected,Not Detected
297PNNLk127_100389,Not Detected,Not Detected,Not Detected
297PNNLk127_10086835,Not Detected,Not Detected,Not Detected
297PNNLk127_10185044,Not Detected,Not Detected,Not Detected
297PNNLk127_10239870,Not Detected,Not Detected,Not Detected
297PNNLk127_11232727,Not Detected,Not Detected,Not Detected
297PNNLk127_11347631,Not Detected,Not Detected,Not Detected
297PNNLk127_11705327,Not Detected,Not Detected,Not Detected
297PNNLk127_1173062,Not Detected,Not Detected,Not Detected
297PNNLk127_11977353,Not Detected,Not Detected,Not Detected
297PNNLk127_12459664,Not Detected,Not Detected,Not Detected
297PNNLk127_13415058,Not Detected,Not Detected,Not Detected
297PNNLk127_13790819,Not Detected,Not Detected,Not Detected
297PNNLk127_1401770,Not Detected,Not Detected,Not Detected
297PNNLk127_14510276,Not Detected,Not Detected,Not Detected
297PNNLk127_1518318,Not Detected,Not Detected,Not Detected
297PNNLk127_1566576,Not Detected,Not Detected,Not Detected
297PNNLk127_16016859,Not Detected,Not Detected,Not Detected
297PNNLk127_16932172,Not Detected,Not Detected,Not Detected
297PNNLk127_17044352,Not Detected,Not Detected,Not Detected
297PNNLk127_17195051,Not Detected,Not Detected,Not Detected
297PNNLk127_18218464,Not Detected,Not Detected,Not Detected
297PNNLk127_18885631,Not Detected,Not Detected,Not Detected
297PNNLk127_18967101,Not Detected,Not Detected,Not Detected
297PNNLk127_19384139,Not Detected,Not Detected,Not Detected
297PNNLk127_1957710,Not Detected,Not Detected,Not Detected
297PNNLk127_19736037,Not Detected,Not Detected,Not Detected
297PNNLk127_19886925,Not Detected,Not Detected,Not Detected
297PNNLk127_20702780,Not Detected,Not Detected,Not Detected
297PNNLk127_21859399,Not Detected,Not Detected,Not Detected
297PNNLk127_21872633,Not Detected,Not Detected,Not Detected
297PNNLk127_22243580,Not Detected,Not Detected,Not Detected
297PNNLk127_22256484,Not Detected,Not Detected,Not Detected
297PNNLk127_23423202,Not Detected,Not Detected,Not Detected
297PNNLk127_2372174,Not Detected,Not Detected,Not Detected
297PNNLk127_24013034,Not Detected,Not Detected,Not Detected
297PNNLk127_24999348,Not Detected,Not Detected,Not Detected
297PNNLk127_25352306,Not Detected,Not Detected,Not Detected
297PNNLk127_25648814,Not Detected,Not Detected,Not Detected
297PNNLk127_2718213,Not Detected,Not Detected,Not Detected
297PNNLk127_27700792,Not Detected,Not Detected,Not Detected
297PNNLk127_28192786,Not Detected,Not Detected,Not Detected
297PNNLk127_29188967,Not Detected,Not Detected,Not Detected
297PNNLk127_29223082,Not Detected,Not Detected,Not Detected
297PNNLk127_29328276,Not Detected,Not Detected,Not Detected
297PNNLk127_29793862,Not Detected,Not Detected,Not Detected
297PNNLk127_30179859,Not Detected,Not Detected,Not Detected
297PNNLk127_30919418,Not Detected,Not Detected,Not Detected
297PNNLk127_30933829,Not Detected,Not Detected,Not Detected
297PNNLk127_31012963,Not Detected,Not Detected,Not Detected
297PNNLk127_31299033,Not Detected,Not Detected,Not Detected
297PNNLk127_3139623,Not Detected,Not Detected,Not Detected
297PNNLk127_31609011,Not Detected,Not Detected,Not Detected
297PNNLk127_31684188,Not Detected,Not Detected,Not Detected
297PNNLk127_32098652,Not Detected,Not Detected,Not Detected
297PNNLk127_32378992,Not Detected,Not Detected,Not Detected
297PNNLk127_3539367,Not Detected,Not Detected,Not Detected
297PNNLk127_3921839,Not Detected,Not Detected,Not Detected
297PNNLk127_3997225,Not Detected,Not Detected,Not Detected
297PNNLk127_4341016,Not Detected,Not Detected,Not Detected
297PNNLk127_4606449,Not Detected,Not Detected,Not Detected
297PNNLk127_7045892,Not Detected,Not Detected,Not Detected
297PNNLk127_7292940,Not Detected,Not Detected,Not Detected
297PNNLk127_768026,Not Detected,Not Detected,Not Detected
297PNNLk127_8079703,Not Detected,Not Detected,Not Detected
297PNNLk127_8631054,Not Detected,Not Detected,Not Detected
297PNNLk127_9055382,Not Detected,Not Detected,Not Detected
297PNNLk127_9358067,Not Detected,Not Detected,Not Detected
297PNNLk127_939598,Not Detected,Not Detected,Not Detected
297PNNLk127_999448,Not Detected,Not Detected,Not Detected
306PNNLk127_10222957,Not Detected,Not Detected,Not Detected
306PNNLk127_10708510,Not Detected,Not Detected,Not Detected
306PNNLk127_11139065,Not Detected,Not Detected,Not Detected
306PNNLk127_11597435,Not Detected,Not Detected,Not Detected
306PNNLk127_12619564,Not Detected,Not Detected,Not Detected
306PNNLk127_12832067,Not Detected,Not Detected,Not Detected
306PNNLk127_14148323,Not Detected,Not Detected,Not Detected
306PNNLk127_14351601,Not Detected,Not Detected,Not Detected
306PNNLk127_14379271,Not Detected,Not Detected,Not Detected
306PNNLk127_14857765,Not Detected,Not Detected,Not Detected
306PNNLk127_14939455,Not Detected,Not Detected,Not Detected
306PNNLk127_15589156,Not Detected,Not Detected,Not Detected
306PNNLk127_16172252,Not Detected,Not Detected,Not Detected
306PNNLk127_17903929,Not Detected,Not Detected,Not Detected
306PNNLk127_19113077,Not Detected,Not Detected,Not Detected
306PNNLk127_19808070,Not Detected,Not Detected,Not Detected
306PNNLk127_199662,Not Detected,Not Detected,Not Detected
306PNNLk127_20032120,Not Detected,Not Detected,Not Detected
306PNNLk127_20212210,Not Detected,Not Detected,Not Detected
306PNNLk127_20415081,Not Detected,Not Detected,Not Detected
306PNNLk127_20716261,Not Detected,Not Detected,Not Detected
306PNNLk127_21594623,Not Detected,Not Detected,Not Detected
306PNNLk127_22029235,Not Detected,Not Detected,Not Detected
306PNNLk127_22136532,Not Detected,Not Detected,Not Detected
306PNNLk127_22465456,Not Detected,Not Detected,Not Detected
306PNNLk127_22754223,Not Detected,Not Detected,Not Detected
306PNNLk127_22813806,Not Detected,Not Detected,Not Detected
306PNNLk127_23598770,Not Detected,Not Detected,Not Detected
306PNNLk127_23992890,Not Detected,Not Detected,Not Detected
306PNNLk127_24830457,Not Detected,Not Detected,Not Detected
306PNNLk127_25233945,Not Detected,Not Detected,Not Detected
306PNNLk127_25496825,Not Detected,Not Detected,Not Detected
306PNNLk127_25618897,Not Detected,Not Detected,Not Detected
306PNNLk127_26601836,Not Detected,Not Detected,Not Detected
306PNNLk127_26669624,Not Detected,Not Detected,Not Detected
306PNNLk127_2680416,Not Detected,Not Detected,Not Detected
306PNNLk127_2767677,Not Detected,Not Detected,Not Detected
306PNNLk127_28197798,Not Detected,Not Detected,Not Detected
306PNNLk127_28542211,Not Detected,Not Detected,Not Detected
306PNNLk127_29317565,Not Detected,Not Detected,Not Detected
306PNNLk127_29437674,Not Detected,Not Detected,Not Detected
306PNNLk127_29730026,Not Detected,Not Detected,Not Detected
306PNNLk127_30489524,Not Detected,Not Detected,Not Detected
306PNNLk127_31508278,Not Detected,Not Detected,Not Detected
306PNNLk127_31642440,Not Detected,Not Detected,Not Detected
306PNNLk127_32371566,Not Detected,Not Detected,Not Detected
306PNNLk127_32417460,Not Detected,Not Detected,Not Detected
306PNNLk127_33049263,Not Detected,Not Detected,Not Detected
306PNNLk127_33049465,Not Detected,Not Detected,Not Detected
306PNNLk127_3658784,Not Detected,Not Detected,Not Detected
306PNNLk127_375565,Not Detected,Not Detected,Not Detected
306PNNLk127_4409780,Not Detected,Not Detected,Not Detected
306PNNLk127_4632000,Not Detected,Not Detected,Not Detected
306PNNLk127_5138182,Not Detected,Not Detected,Not Detected
306PNNLk127_5306419,Not Detected,Not Detected,Not Detected
306PNNLk127_5700311,Not Detected,Not Detected,Not Detected
306PNNLk127_5800222,Not Detected,Not Detected,Not Detected
306PNNLk127_5935746,Not Detected,Not Detected,Not Detected
306PNNLk127_7343363,Not Detected,Not Detected,Not Detected
306PNNLk127_789870,Not Detected,Not Detected,Not Detected
306PNNLk127_8497528,Not Detected,Not Detected,Not Detected
306PNNLk127_875877,Not Detected,Not Detected,Not Detected
306PNNLk127_9040050,Not Detected,Not Detected,Not Detected
306PNNLk127_9574174,Not Detected,Not Detected,Not Detected
306PNNLk127_9957702,Not Detected,Not Detected,Not Detected
317PNNLk127_10287891,Not Detected,Not Detected,Not Detected
317PNNLk127_10347505,Not Detected,Not Detected,Not Detected
317PNNLk127_11353029,Not Detected,Not Detected,Not Detected
317PNNLk127_12742288,Not Detected,Not Detected,Not Detected
317PNNLk127_12890859,Not Detected,Not Detected,Not Detected
317PNNLk127_13042448,Not Detected,Not Detected,Not Detected
317PNNLk127_13385017,Not Detected,Not Detected,Not Detected
317PNNLk127_13494837,Not Detected,Not Detected,Not Detected
317PNNLk127_14297064,Not Detected,Not Detected,Not Detected
317PNNLk127_14316005,Not Detected,Not Detected,Not Detected
317PNNLk127_14682507,Not Detected,Not Detected,Not Detected
317PNNLk127_14946077,Not Detected,Not Detected,Not Detected
317PNNLk127_15386933,Not Detected,Not Detected,Not Detected
317PNNLk127_16268243,Not Detected,Not Detected,Not Detected
317PNNLk127_17205231,Not Detected,Not Detected,Not Detected
317PNNLk127_17255471,Not Detected,Not Detected,Not Detected
317PNNLk127_19869000,Not Detected,Not Detected,Not Detected
317PNNLk127_20298076,Not Detected,Not Detected,Not Detected
317PNNLk127_21363407,Not Detected,Not Detected,Not Detected
317PNNLk127_21973783,Not Detected,Not Detected,Not Detected
317PNNLk127_22540142,Not Detected,Not Detected,Not Detected
317PNNLk127_22930742,Not Detected,Not Detected,Not Detected
317PNNLk127_23135804,Not Detected,Not Detected,Not Detected
317PNNLk127_23482427,Not Detected,Not Detected,Not Detected
317PNNLk127_24114945,Not Detected,Not Detected,Not Detected
317PNNLk127_24875169,Not Detected,Not Detected,Not Detected
317PNNLk127_25582657,Not Detected,Not Detected,Not Detected
317PNNLk127_25757905,Not Detected,Not Detected,Not Detected
317PNNLk127_27586393,Not Detected,Not Detected,Not Detected
317PNNLk127_27640077,Not Detected,Not Detected,Not Detected
317PNNLk127_28350047,Not Detected,Not Detected,Not Detected
317PNNLk127_28830191,Not Detected,Not Detected,Not Detected
317PNNLk127_291560,Not Detected,Not Detected,Not Detected
317PNNLk127_29455330,Not Detected,Not Detected,Not Detected
317PNNLk127_29897622,Not Detected,Not Detected,Not Detected
317PNNLk127_31255616,Not Detected,Not Detected,Not Detected
317PNNLk127_31456668,Not Detected,Not Detected,Not Detected
317PNNLk127_32517846,Not Detected,Not Detected,Not Detected
317PNNLk127_3509951,Not Detected,Not Detected,Not Detected
317PNNLk127_555273,Not Detected,Not Detected,Not Detected
317PNNLk127_6320050,Not Detected,Not Detected,Not Detected
317PNNLk127_6740040,Not Detected,Not Detected,Not Detected
317PNNLk127_7845662,Not Detected,Not Detected,Not Detected
317PNNLk127_9153179,Not Detected,Not Detected,Not Detected
317PNNLk127_9190939,Not Detected,Not Detected,Not Detected
317PNNLk127_9255142,Not Detected,Not Detected,Not Detected
317PNNLk127_960857,Not Detected,Not Detected,Not Detected
324PNNLk141_11726052,Not Detected,No Host Detected,Not Detected
324PNNLk141_13577363,Not Detected,Not Detected,No Host Detected
324PNNLk141_17158859,Not Detected,No Host Detected,No Host Detected
324PNNLk141_21113435,Not Detected,Not Detected,No Host Detected
324PNNLk141_23642621,Not Detected,No Host Detected,No Host Detected
324PNNLk141_27019909,Not Detected,No Host Detected,No Host Detected
324PNNLk141_3027678,Not Detected,No Host Detected,Not Detected
324PNNLk141_4132267,Not Detected,Not Detected,No Host Detected
324PNNLk141_4243497,Not Detected,Not Detected,No Host Detected
324PNNLk141_7449050,Not Detected,No Host Detected,Not Detected
324PNNLk141_8916239,Not Detected,Not Detected,No Host Detected
330PNNLk141_11283483,Not Detected,No Host Detected,Not Detected
330PNNLk141_13351729,Not Detected,No Host Detected,Not Detected
330PNNLk141_17081475,Not Detected,No Host Detected,Not Detected
330PNNLk141_17200274,Not Detected,No Host Detected,Not Detected
330PNNLk141_22804353,Not Detected,No Host Detected,No Host Detected
330PNNLk141_25799235,Not Detected,No Host Detected,Not Detected
330PNNLk141_27256026,Not Detected,No Host Detected,Not Detected
330PNNLk141_2879031,Not Detected,No Host Detected,No Host Detected
330PNNLk141_2955591,Not Detected,No Host Detected,Not Detected
330PNNLk141_464197,Not Detected,No Host Detected,No Host Detected
330PNNLk141_6210833,Not Detected,No Host Detected,Not Detected
330PNNLk141_6684519,Not Detected,Not Detected,No Host Detected
330PNNLk141_6733341,Not Detected,Not Detected,No Host Detected
330PNNLk141_7947987,Not Detected,Not Detected,No Host Detected
335PNNLk141_11924693,Not Detected,No Host Detected,Not Detected
335PNNLk141_16672590,Not Detected,No Host Detected,No Host Detected
335PNNLk141_20858737,Not Detected,No Host Detected,Not Detected
335PNNLk141_21140896,Not Detected,No Host Detected,No Host Detected
335PNNLk141_21934894,Not Detected,No Host Detected,Not Detected
335PNNLk141_2215434,Not Detected,No Host Detected,No Host Detected
335PNNLk141_24360267,Not Detected,No Host Detected,No Host Detected
335PNNLk141_27525244,Not Detected,No Host Detected,Not Detected
335PNNLk141_322409,Not Detected,No Host Detected,Not Detected
335PNNLk141_3526950,Not Detected,No Host Detected,No Host Detected
335PNNLk141_4323410,Not Detected,No Host Detected,No Host Detected
335PNNLk141_23304538,No Host Detected,No Host Detected,No Host Detected
330PNNLk141_15399714,No Host Detected,No Host Detected,Not Detected
324PNNLk141_22747167,No Host Detected,Not Detected,No Host Detected
335PNNLk141_17667583,No Host Detected,No Host Detected,No Host Detected
330PNNLk141_4241659,No Host Detected,No Host Detected,No Host Detected
335PNNLk141_18290376,No Host Detected,No Host Detected,No Host Detected
330PNNLk141_19322002,No Host Detected,No Host Detected,No Host Detected
330PNNLk141_11883943,No Host Detected,No Host Detected,No Host Detected
330PNNLk141_20687374,No Host Detected,No Host Detected,No Host Detected
335PNNLk141_14945487,No Host Detected,No Host Detected,No Host Detected
335PNNLk141_14427718,No Host Detected,No Host Detected,No Host Detected
297PNNLk127_8623838,No Host Detected,No Host Detected,No Host Detected
330PNNLk141_6230257,No Host Detected,No Host Detected,No Host Detected
297PNNLk127_9017785,No Host Detected,No Host Detected,No Host Detected
306PNNLk127_18242967,No Host Detected,No Host Detected,No Host Detected
335PNNLk141_16379621,No Host Detected,No Host Detected,No Host Detected
324PNNLk141_16199564,No Host Detected,No Host Detected,No Host Detected
335PNNLk141_22114936,No Host Detected,No Host Detected,No Host Detected
324PNNLk141_8713745,No Host Detected,No Host Detected,No Host Detected
324PNNLk141_4912410,No Host Detected,No Host Detected,No Host Detected
324PNNLk141_26258690,No Host Detected,No Host Detected,No Host Detected
330PNNLk141_25404113,No Host Detected,No Host Detected,No Host Detected
330PNNLk141_27490306,No Host Detected,No Host Detected,No Host Detected
306PNNLk127_9559234,No Host Detected,No Host Detected,No Host Detected
324PNNLk141_13912032,No Host Detected,No Host Detected,No Host Detected
335PNNLk141_22732220,No Host Detected,No Host Detected,No Host Detected
335PNNLk141_18071170,No Host Detected,No Host Detected,No Host Detected
306PNNLk127_18497436,No Host Detected,No Host Detected,No Host Detected
330PNNLk141_15706110,No Host Detected,No Host Detected,No Host Detected
324PNNLk141_6731647,No Host Detected,No Host Detected,No Host Detected
335PNNLk141_20223727,No Host Detected,No Host Detected,No Host Detected
324PNNLk141_12916376,No Host Detected,No Host Detected,No Host Detected
324PNNLk141_9799790,No Host Detected,No Host Detected,No Host Detected
324PNNLk141_3917694,No Host Detected,No Host Detected,No Host Detected
335PNNLk141_21355983,No Host Detected,No Host Detected,Not Detected
324PNNLk141_7721808,No Host Detected,No Host Detected,No Host Detected
335PNNLk141_1063877,No Host Detected,No Host Detected,No Host Detected
335PNNLk141_10470418,No Host Detected,No Host Detected,No Host Detected
335PNNLk141_10591017,No Host Detected,No Host Detected,No Host Detected
335PNNLk141_23473040,No Host Detected,No Host Detected,No Host Detected
335PNNLk141_11264958,No Host Detected,No Host Detected,No Host Detected
335PNNLk141_7667360,No Host Detected,No Host Detected,No Host Detected
335PNNLk141_25309910,No Host Detected,No Host Detected,No Host Detected
330PNNLk141_23284418,No Host Detected,No Host Detected,No Host Detected
335PNNLk141_16607766,No Host Detected,No Host Detected,No Host Detected
317PNNLk127_22405115,No Host Detected,No Host Detected,No Host Detected
335PNNLk141_9384562,No Host Detected,No Host Detected,No Host Detected
317PNNLk127_16454798,No Host Detected,No Host Detected,No Host Detected
330PNNLk141_18279767,No Host Detected,No Host Detected,No Host Detected
330PNNLk141_19792306,No Host Detected,No Host Detected,No Host Detected
330PNNLk141_22117730,No Host Detected,No Host Detected,No Host Detected
335PNNLk141_9532382,No Host Detected,No Host Detected,No Host Detected
335PNNLk141_21363566,No Host Detected,No Host Detected,No Host Detected
324PNNLk141_13264664,No Host Detected,No Host Detected,No Host Detected
324PNNLk141_4977459,No Host Detected,No Host Detected,No Host Detected
330PNNLk141_24314368,No Host Detected,No Host Detected,No Host Detected
324PNNLk141_1319898,No Host Detected,No Host Detected,No Host Detected
335PNNLk141_5489472,No Host Detected,No Host Detected,No Host Detected
330PNNLk141_25159981,No Host Detected,No Host Detected,No Host Detected
324PNNLk141_5926469,No Host Detected,No Host Detected,No Host Detected
335PNNLk141_20970853,No Host Detected,No Host Detected,No Host Detected
324PNNLk141_16630858,No Host Detected,No Host Detected,No Host Detected
330PNNLk141_22273456,No Host Detected,No Host Detected,No Host Detected
324PNNLk141_21602043,No Host Detected,No Host Detected,No Host Detected
324PNNLk141_9970838,No Host Detected,No Host Detected,No Host Detected
324PNNLk141_946766,No Host Detected,No Host Detected,No Host Detected
335PNNLk141_12124752,No Host Detected,No Host Detected,No Host Detected
335PNNLk141_13671071,No Host Detected,No Host Detected,No Host Detected
324PNNLk141_15565964,No Host Detected,No Host Detected,No Host Detected
324PNNLk141_17833313,No Host Detected,No Host Detected,No Host Detected
324PNNLk141_1966844,No Host Detected,No Host Detected,No Host Detected
335PNNLk141_6967959,No Host Detected,No Host Detected,No Host Detected
330PNNLk141_19176365,No Host Detected,No Host Detected,No Host Detected
324PNNLk141_13710817,No Host Detected,No Host Detected,No Host Detected
330PNNLk141_27525953,No Host Detected,No Host Detected,Not Detected
335PNNLk141_25236608,No Host Detected,No Host Detected,No Host Detected
330PNNLk141_5107130,No Host Detected,No Host Detected,No Host Detected
335PNNLk141_286233,No Host Detected,No Host Detected,No Host Detected
324PNNLk141_19952865,No Host Detected,No Host Detected,No Host Detected
330PNNLk141_21039677,No Host Detected,No Host Detected,No Host Detected
335PNNLk141_26249776,No Host Detected,No Host Detected,No Host Detected
297PNNLk127_24472851,No Host Detected,No Host Detected,No Host Detected
324PNNLk141_15974711,No Host Detected,No Host Detected,No Host Detected
297PNNLk127_632599,No Host Detected,No Host Detected,No Host Detected
330PNNLk141_23113889,No Host Detected,No Host Detected,No Host Detected
330PNNLk141_6339866,No Host Detected,No Host Detected,No Host Detected
330PNNLk141_426260,No Host Detected,No Host Detected,No Host Detected
330PNNLk141_14391367,No Host Detected,No Host Detected,No Host Detected
330PNNLk141_19650385,No Host Detected,No Host Detected,No Host Detected
330PNNLk141_21181374,No Host Detected,No Host Detected,No Host Detected
330PNNLk141_7697681,No Host Detected,No Host Detected,No Host Detected
324PNNLk141_22252961,No Host Detected,One Host,No Host Detected
324PNNLk141_22605963,No Host Detected,No Host Detected,No Host Detected
324PNNLk141_15664519,No Host Detected,No Host Detected,No Host Detected
297PNNLk127_28834726,No Host Detected,No Host Detected,No Host Detected
297PNNLk127_4974403,No Host Detected,No Host Detected,No Host Detected
330PNNLk141_147165,No Host Detected,No Host Detected,No Host Detected
335PNNLk141_1777667,No Host Detected,No Host Detected,No Host Detected
330PNNLk141_19821860,No Host Detected,No Host Detected,No Host Detected
330PNNLk141_2357720,No Host Detected,No Host Detected,No Host Detected
317PNNLk127_16362276,No Host Detected,No Host Detected,No Host Detected
297PNNLk127_18624403,No Host Detected,No Host Detected,No Host Detected
330PNNLk141_18878544,No Host Detected,No Host Detected,No Host Detected
330PNNLk141_22574476,No Host Detected,No Host Detected,No Host Detected
335PNNLk141_6466550,No Host Detected,No Host Detected,No Host Detected
297PNNLk127_20645086,No Host Detected,No Host Detected,No Host Detected
324PNNLk141_23072493,No Host Detected,No Host Detected,No Host Detected
330PNNLk141_10998953,No Host Detected,No Host Detected,No Host Detected
324PNNLk141_16514756,No Host Detected,No Host Detected,No Host Detected
330PNNLk141_14772100,No Host Detected,No Host Detected,No Host Detected
330PNNLk141_19687597,No Host Detected,No Host Detected,No Host Detected
330PNNLk141_2403079,No Host Detected,No Host Detected,No Host Detected
335PNNLk141_4047416,No Host Detected,No Host Detected,No Host Detected
324PNNLk141_3194728,No Host Detected,No Host Detected,No Host Detected
330PNNLk141_16939435,No Host Detected,No Host Detected,No Host Detected
306PNNLk127_19158703,No Host Detected,No Host Detected,No Host Detected
330PNNLk141_20553419,No Host Detected,No Host Detected,No Host Detected
306PNNLk127_25241929,No Host Detected,No Host Detected,No Host Detected
335PNNLk141_16139309,No Host Detected,No Host Detected,No Host Detected
324PNNLk141_25190844,No Host Detected,No Host Detected,No Host Detected
335PNNLk141_5023694,No Host Detected,No Host Detected,No Host Detected
324PNNLk141_22367176,No Host Detected,No Host Detected,No Host Detected
330PNNLk141_19685937,No Host Detected,No Host Detected,No Host Detected
317PNNLk127_14738531,No Host Detected,No Host Detected,No Host Detected
324PNNLk141_17234852,No Host Detected,No Host Detected,No Host Detected
330PNNLk141_2507539,No Host Detected,No Host Detected,No Host Detected
330PNNLk141_11258612,No Host Detected,No Host Detected,No Host Detected
306PNNLk127_6960444,No Host Detected,No Host Detected,No Host Detected
330PNNLk141_4057786,No Host Detected,No Host Detected,No Host Detected
324PNNLk141_12627229,No Host Detected,No Host Detected,No Host Detected
324PNNLk141_1702850,No Host Detected,No Host Detected,No Host Detected
330PNNLk141_20091233,No Host Detected,No Host Detected,No Host Detected
297PNNLk127_13745438,No Host Detected,No Host Detected,No Host Detected
330PNNLk141_14468552,No Host Detected,No Host Detected,No Host Detected
330PNNLk141_19428143,No Host Detected,No Host Detected,No Host Detected
330PNNLk141_25313477,No Host Detected,No Host Detected,No Host Detected
335PNNLk141_21506676,No Host Detected,No Host Detected,No Host Detected
324PNNLk141_1973776,No Host Detected,No Host Detected,No Host Detected
330PNNLk141_8945089,No Host Detected,No Host Detected,No Host Detected
324PNNLk141_10081720,No Host Detected,No Host Detected,No Host Detected
335PNNLk141_20277757,No Host Detected,No Host Detected,No Host Detected
317PNNLk127_5823217,No Host Detected,No Host Detected,No Host Detected
317PNNLk127_1426902,No Host Detected,No Host Detected,No Host Detected
330PNNLk141_5089085,No Host Detected,No Host Detected,No Host Detected
306PNNLk127_23495138,No Host Detected,No Host Detected,No Host Detected
335PNNLk141_12595464,No Host Detected,No Host Detected,No Host Detected
335PNNLk141_24401142,No Host Detected,No Host Detected,No Host Detected
330PNNLk141_18275724,No Host Detected,No Host Detected,No Host Detected
297PNNLk127_13902968,No Host Detected,No Host Detected,No Host Detected
297PNNLk127_3078079,No Host Detected,No Host Detected,No Host Detected
330PNNLk141_9591846,No Host Detected,No Host Detected,No Host Detected
317PNNLk127_17259476,No Host Detected,No Host Detected,No Host Detected
324PNNLk141_20286161,No Host Detected,No Host Detected,No Host Detected
335PNNLk141_10705766,No Host Detected,No Host Detected,No Host Detected
324PNNLk141_8864523,No Host Detected,No Host Detected,No Host Detected
330PNNLk141_1097093,No Host Detected,No Host Detected,No Host Detected
306PNNLk127_17611798,No Host Detected,No Host Detected,No Host Detected
330PNNLk141_15170652,No Host Detected,No Host Detected,No Host Detected
324PNNLk141_7372214,No Host Detected,No Host Detected,No Host Detected
324PNNLk141_16686250,No Host Detected,No Host Detected,No Host Detected
317PNNLk127_665675,No Host Detected,No Host Detected,No Host Detected
330PNNLk141_16007739,No Host Detected,No Host Detected,No Host Detected
335PNNLk141_2712108,No Host Detected,No Host Detected,No Host Detected
297PNNLk127_913172,No Host Detected,No Host Detected,No Host Detected
335PNNLk141_13500371,No Host Detected,No Host Detected,No Host Detected
324PNNLk141_12595632,No Host Detected,No Host Detected,No Host Detected
306PNNLk127_17197505,No Host Detected,No Host Detected,No Host Detected
330PNNLk141_138793,No Host Detected,No Host Detected,No Host Detected
324PNNLk141_16661321,No Host Detected,No Host Detected,No Host Detected
297PNNLk127_18579517,No Host Detected,No Host Detected,No Host Detected
330PNNLk141_8217033,No Host Detected,No Host Detected,No Host Detected
330PNNLk141_16258006,No Host Detected,No Host Detected,No Host Detected
324PNNLk141_15370012,No Host Detected,No Host Detected,No Host Detected
297PNNLk127_31671375,No Host Detected,No Host Detected,No Host Detected
330PNNLk141_20298240,No Host Detected,No Host Detected,No Host Detected
297PNNLk127_16973981,No Host Detected,No Host Detected,No Host Detected
306PNNLk127_26876051,No Host Detected,No Host Detected,No Host Detected
324PNNLk141_11945015,No Host Detected,No Host Detected,No Host Detected
335PNNLk141_26420616,No Host Detected,No Host Detected,No Host Detected
330PNNLk141_24120187,No Host Detected,No Host Detected,No Host Detected
330PNNLk141_7025232,No Host Detected,No Host Detected,One Host
335PNNLk141_21433634,No Host Detected,No Host Detected,No Host Detected
330PNNLk141_9716610,No Host Detected,Not Detected,Not Detected
330PNNLk141_15388879,No Host Detected,No Host Detected,No Host Detected
324PNNLk141_16312646,No Host Detected,No Host Detected,No Host Detected
335PNNLk141_22201609,No Host Detected,No Host Detected,No Host Detected
324PNNLk141_7995775,No Host Detected,No Host Detected,No Host Detected
335PNNLk141_6918445,No Host Detected,No Host Detected,No Host Detected
324PNNLk141_5183066,No Host Detected,No Host Detected,No Host Detected
335PNNLk141_9986042,No Host Detected,No Host Detected,No Host Detected
330PNNLk141_8958749,No Host Detected,No Host Detected,No Host Detected
324PNNLk141_3022574,No Host Detected,Not Detected,Not Detected
324PNNLk141_12391806,No Host Detected,No Host Detected,No Host Detected
330PNNLk141_11063348,No Host Detected,No Host Detected,No Host Detected
330PNNLk141_27525550,No Host Detected,No Host Detected,No Host Detected
306PNNLk127_19253229,No Host Detected,No Host Detected,No Host Detected
330PNNLk141_27180747,No Host Detected,No Host Detected,No Host Detected
330PNNLk141_18931648,No Host Detected,Not Detected,Not Detected
335PNNLk141_8663102,No Host Detected,No Host Detected,No Host Detected
324PNNLk141_2528019,No Host Detected,No Host Detected,No Host Detected
324PNNLk141_2326902,No Host Detected,No Host Detected,No Host Detected
297PNNLk127_32328300,No Host Detected,No Host Detected,No Host Detected
330PNNLk141_9138805,No Host Detected,Not Detected,Not Detected
330PNNLk141_2112261,No Host Detected,No Host Detected,No Host Detected
324PNNLk141_6534293,No Host Detected,Not Detected,Not Detected
335PNNLk141_27525049,No Host Detected,No Host Detected,No Host Detected
335PNNLk141_22786928,No Host Detected,No Host Detected,No Host Detected
335PNNLk141_12288514,No Host Detected,Not Detected,Not Detected
324PNNLk141_12418206,No Host Detected,No Host Detected,No Host Detected
335PNNLk141_21893196,No Host Detected,No Host Detected,No Host Detected
335PNNLk141_20088471,No Host Detected,Not Detected,Not Detected
330PNNLk141_19748717,No Host Detected,No Host Detected,No Host Detected
297PNNLk127_20364132,No Host Detected,No Host Detected,No Host Detected
330PNNLk141_12506018,No Host Detected,Not Detected,Not Detected
335PNNLk141_11196649,No Host Detected,No Host Detected,No Host Detected
330PNNLk141_3951213,No Host Detected,Not Detected,Not Detected
324PNNLk141_7436763,No Host Detected,No Host Detected,No Host Detected
335PNNLk141_5386600,No Host Detected,No Host Detected,No Host Detected
330PNNLk141_5056671,No Host Detected,No Host Detected,No Host Detected
306PNNLk127_18302584,No Host Detected,No Host Detected,No Host Detected
317PNNLk127_14534054,No Host Detected,No Host Detected,No Host Detected
324PNNLk141_15871154,No Host Detected,No Host Detected,No Host Detected
324PNNLk141_27131652,No Host Detected,Not Detected,Not Detected
335PNNLk141_2382702,No Host Detected,No Host Detected,No Host Detected
297PNNLk127_16171771,No Host Detected,No Host Detected,No Host Detected
335PNNLk141_15121400,No Host Detected,No Host Detected,No Host Detected
335PNNLk141_24973829,No Host Detected,No Host Detected,No Host Detected
324PNNLk141_10910450,No Host Detected,Not Detected,Not Detected
335PNNLk141_22134743,No Host Detected,No Host Detected,No Host Detected
335PNNLk141_10431726,No Host Detected,No Host Detected,No Host Detected
324PNNLk141_2122190,No Host Detected,No Host Detected,No Host Detected
335PNNLk141_4816916,No Host Detected,No Host Detected,No Host Detected
324PNNLk141_4058668,No Host Detected,Not Detected,Not Detected
330PNNLk141_14559830,No Host Detected,Not Detected,Not Detected
335PNNLk141_27525018,No Host Detected,No Host Detected,No Host Detected
330PNNLk141_10050368,No Host Detected,No Host Detected,No Host Detected
297PNNLk127_6814368,No Host Detected,No Host Detected,No Host Detected
335PNNLk141_4389871,No Host Detected,No Host Detected,No Host Detected
324PNNLk141_8126742,No Host Detected,No Host Detected,No Host Detected
330PNNLk141_16802687,No Host Detected,No Host Detected,No Host Detected
317PNNLk127_17499630,No Host Detected,No Host Detected,No Host Detected
335PNNLk141_21965071,No Host Detected,No Host Detected,No Host Detected
335PNNLk141_23983548,Multiple Hosts,Multiple Hosts,Multiple Hosts
324PNNLk141_9118860,No Host Detected,No Host Detected,No Host Detected
330PNNLk141_18125946,No Host Detected,Not Detected,Not Detected
306PNNLk127_22026436,No Host Detected,No Host Detected,No Host Detected
324PNNLk141_26877992,Multiple Hosts,Multiple Hosts,Multiple Hosts
335PNNLk141_24370663,No Host Detected,No Host Detected,No Host Detected
324PNNLk141_15475024,No Host Detected,No Host Detected,No Host Detected
335PNNLk141_13152216,No Host Detected,No Host Detected,No Host Detected
335PNNLk141_8330890,No Host Detected,Not Detected,No Host Detected
335PNNLk141_9081860,Multiple Hosts,Multiple Hosts,Multiple Hosts