VC,BinCluster,VC_tax,BinTax,Sample1,CopyPerCell,BinAbundance,Sample
335PNNLk141_9081860,Cluster57,Unassigned,k__Bacteria;p__Acidobacteria,D1_324,0.003543575,6.148417033,Wet
324PNNLk141_26877992,Cluster57,Unassigned,k__Bacteria;p__Acidobacteria,D1_324,0.016966527,6.148417033,Wet
335PNNLk141_9081860,Cluster57,Unassigned,k__Bacteria;p__Acidobacteria,D1_330,0.003716931,6.43293232,Wet
324PNNLk141_26877992,Cluster57,Unassigned,k__Bacteria;p__Acidobacteria,D1_330,0.005427434,6.43293232,Wet
324PNNLk141_26877992,Cluster29,Unassigned,k__Bacteria;p__Acidobacteria,D1_330,0.039111039,0.432944685,Wet
324PNNLk141_26877992,Cluster57,Unassigned,k__Bacteria;p__Acidobacteria,D1_335,0.00272075,6.622298795,Wet
335PNNLk141_9081860,Cluster56,Unassigned,k__Bacteria;p__Acidobacteria,D1_335,0.007702585,1.891348102,Wet
324PNNLk141_26877992,Cluster56,Unassigned,k__Bacteria;p__Acidobacteria,D1_335,0.009779869,1.891348102,Wet
335PNNLk141_9081860,Cluster134,Unassigned,k__Bacteria;p__Actinobacteria;c__Actinobacteria;o__Actinomycetales,D1_330,0.03727396,0.188520307,Wet
324PNNLk141_22252961,Cluster14,Unassigned,k__Bacteria;p__Chlamydiae;c__Chlamydiia;o__Chlamydiales,D1_330,0.526451382,0.096241624,Wet
324PNNLk141_26877992,Cluster85,Unassigned,k__Bacteria;p__Chloroflexi;c__Thermomicrobia,D1_330,0.028119154,0.262775368,Wet
335PNNLk141_9081860,Cluster85,Unassigned,k__Bacteria;p__Chloroflexi;c__Thermomicrobia,D1_330,0.077028626,0.262775368,Wet
335PNNLk141_9081860,Cluster25,Unassigned,k__Bacteria;p__Gemmatimonadota;c__Gemmatimonadetes;o__Gemmatimonadales;f__Gemmatimonadaceae,D1_324,0.053751297,0.220850457,Wet
335PNNLk141_9081860,Cluster24,Unassigned,k__Bacteria;p__Gemmatimonadota;c__Gemmatimonadetes;o__Gemmatimonadales;f__Gemmatimonadaceae,D1_330,0.024851443,0.458408246,Wet
335PNNLk141_9081860,Cluster21,Unassigned,k__Bacteria;p__Gemmatimonadota;c__Gemmatimonadetes;o__Longimicrobiales,D1_324,0.003098995,5.983430779,Wet
324PNNLk141_26877992,Cluster21,Unassigned,k__Bacteria;p__Gemmatimonadota;c__Gemmatimonadetes;o__Longimicrobiales,D1_335,0.002947574,5.409013103,Wet
324PNNLk141_26877992,Cluster94,Unassigned,k__Bacteria;p__Proteobacteria;c__Alphaproteobacteria,D1_324,0.348086716,1.295818186,Wet
335PNNLk141_9081860,Cluster94,Unassigned,k__Bacteria;p__Proteobacteria;c__Alphaproteobacteria,D1_324,0.44528924,1.295818186,Wet
335PNNLk141_9081860,Cluster94,Unassigned,k__Bacteria;p__Proteobacteria;c__Alphaproteobacteria,D1_330,0.464596256,1.617762337,Wet
324PNNLk141_26877992,Cluster94,Unassigned,k__Bacteria;p__Proteobacteria;c__Alphaproteobacteria,D1_330,0.505474455,1.617762337,Wet
324PNNLk141_26877992,Cluster94,Unassigned,k__Bacteria;p__Proteobacteria;c__Alphaproteobacteria,D1_335,0.4012369,2.084695525,Wet
330PNNLk141_7025232,Cluster42,Siphoviridae,k__Bacteria;p__Proteobacteria;c__Alphaproteobacteria,D1_335,0.536376799,0.072085015,Wet
335PNNLk141_9081860,Cluster94,Unassigned,k__Bacteria;p__Proteobacteria;c__Alphaproteobacteria,D1_335,0.551682961,2.084695525,Wet
335PNNLk141_9081860,Cluster89,Unassigned,k__Bacteria;p__Proteobacteria;c__Alphaproteobacteria;o__Rhizobiales/Hyphomicrobiales,D1_324,0.037349448,0.748495894,Wet
335PNNLk141_9081860,Cluster93,Unassigned,k__Bacteria;p__Proteobacteria;c__Alphaproteobacteria;o__Rhizobiales/Hyphomicrobiales,D1_324,0.126576664,0.119505402,Wet
335PNNLk141_9081860,Cluster80,Unassigned,k__Bacteria;p__Proteobacteria;c__Alphaproteobacteria;o__Rhizobiales/Hyphomicrobiales,D1_330,0.044209683,0.202308345,Wet
335PNNLk141_9081860,Cluster81,Unassigned,k__Bacteria;p__Proteobacteria;c__Alphaproteobacteria;o__Rhizobiales/Hyphomicrobiales,D1_330,0.046534416,0.291393752,Wet
324PNNLk141_26877992,Cluster93,Unassigned,k__Bacteria;p__Proteobacteria;c__Alphaproteobacteria;o__Rhizobiales/Hyphomicrobiales,D1_335,0.024281659,0.090930059,Wet
335PNNLk141_9081860,Cluster93,Unassigned,k__Bacteria;p__Proteobacteria;c__Alphaproteobacteria;o__Rhizobiales/Hyphomicrobiales,D1_335,0.076496548,0.090930059,Wet
335PNNLk141_9081860,Cluster22,Unassigned,k__Bacteria;p__Proteobacteria;c__Gammaproteobacteria,D1_335,0.030394643,0.417713314,Wet
335PNNLk141_23983548,Cluster9,Unassigned,Unclassified,D1_324,0.03404472,0.248747711,Wet
335PNNLk141_9081860,Cluster91,Unassigned,Unclassified,D1_324,0.072082068,0.078807126,Wet
335PNNLk141_23983548,Cluster8,Unassigned,Unclassified,D1_324,0.146771985,1.784266705,Wet
335PNNLk141_23983548,Cluster12,Unassigned,Unclassified,D1_324,0.293557457,0.378059793,Wet
335PNNLk141_9081860,Cluster92,Unassigned,Unclassified,D1_330,0.039096836,0.018637691,Wet
335PNNLk141_23983548,Cluster11,Unassigned,Unclassified,D1_330,0.043468087,0.023817085,Wet
335PNNLk141_23983548,Cluster9,Unassigned,Unclassified,D1_330,0.044340527,0.229852405,Wet
335PNNLk141_9081860,Cluster73,Unassigned,Unclassified,D1_330,0.07614226,0.080051681,Wet
335PNNLk141_23983548,Cluster8,Unassigned,Unclassified,D1_330,0.185279344,1.926223491,Wet
335PNNLk141_23983548,Cluster12,Unassigned,Unclassified,D1_330,0.504189411,0.4115668,Wet
324PNNLk141_26877992,Cluster96,Unassigned,Unclassified,D1_335,0.0135852,0.035188033,Wet
335PNNLk141_9081860,Cluster96,Unassigned,Unclassified,D1_335,0.021399299,0.035188033,Wet
335PNNLk141_23983548,Cluster10,Unassigned,Unclassified,D1_335,0.026802942,0.20588251,Wet
335PNNLk141_9081860,Cluster92,Unassigned,Unclassified,D1_335,0.027289319,0.012546444,Wet
324PNNLk141_26877992,Cluster91,Unassigned,Unclassified,D1_335,0.042284977,0.126776322,Wet
335PNNLk141_9081860,Cluster91,Unassigned,Unclassified,D1_335,0.044404637,0.126776322,Wet
335PNNLk141_23983548,Cluster11,Unassigned,Unclassified,D1_335,0.152626408,0.022646724,Wet
335PNNLk141_23983548,Cluster8,Unassigned,Unclassified,D1_335,0.15561275,1.172859364,Wet
335PNNLk141_23983548,Cluster12,Unassigned,Unclassified,D1_335,0.245993987,0.245003165,Wet
317PNNLk127_20280552,Cluster57,Unassigned,k__Bacteria;p__Acidobacteria,D15_297,0.01127762,1.519390116,Dry
324PNNLk141_7436763,Cluster71,Unassigned,k__Bacteria;p__Acidobacteria;c__Acidobacteriia;o__Acidobacteriales,D15_317,0.018355453,0.127654873,Dry
297PNNLk127_22059907,Cluster56,Unassigned,k__Bacteria;p__Actinobacteria;c__Actinobacteria,D15_297,0.028957457,0.394359913,Dry
306PNNLk127_18242967,Cluster43,Siphoviridae,k__Bacteria;p__Actinobacteria;c__Actinobacteria;o__Actinomycetales,D15_297,0.006576463,0.438000514,Dry
306PNNLk127_29030829,Cluster115,Siphoviridae,k__Bacteria;p__Actinobacteria;c__Actinobacteria;o__Actinomycetales,D15_297,0.013945409,0.036811629,Dry
297PNNLk127_8931386,Cluster115,Siphoviridae,k__Bacteria;p__Actinobacteria;c__Actinobacteria;o__Actinomycetales,D15_297,0.052127685,0.036811629,Dry
306PNNLk127_18242967,Cluster117,Siphoviridae,k__Bacteria;p__Actinobacteria;c__Actinobacteria;o__Actinomycetales,D15_297,0.181976003,1.303030779,Dry
306PNNLk127_29030829,Cluster117,Siphoviridae,k__Bacteria;p__Actinobacteria;c__Actinobacteria;o__Actinomycetales,D15_297,0.233426148,1.303030779,Dry
297PNNLk127_8931386,Cluster117,Siphoviridae,k__Bacteria;p__Actinobacteria;c__Actinobacteria;o__Actinomycetales,D15_297,0.34278462,1.303030779,Dry
306PNNLk127_19158703,Cluster117,Siphoviridae,k__Bacteria;p__Actinobacteria;c__Actinobacteria;o__Actinomycetales,D15_297,0.399499805,1.303030779,Dry
297PNNLk127_27523483,Cluster117,Unassigned,k__Bacteria;p__Actinobacteria;c__Actinobacteria;o__Actinomycetales,D15_297,0.428959673,1.303030779,Dry
297PNNLk127_21950498,Cluster117,Siphoviridae,k__Bacteria;p__Actinobacteria;c__Actinobacteria;o__Actinomycetales,D15_297,0.446581111,1.303030779,Dry
306PNNLk127_19158703,Cluster116,Siphoviridae,k__Bacteria;p__Actinobacteria;c__Actinobacteria;o__Actinomycetales,D15_306,0.00904337,0.198003564,Dry
306PNNLk127_18242967,Cluster116,Siphoviridae,k__Bacteria;p__Actinobacteria;c__Actinobacteria;o__Actinomycetales,D15_306,0.012346427,0.198003564,Dry
306PNNLk127_29030829,Cluster116,Siphoviridae,k__Bacteria;p__Actinobacteria;c__Actinobacteria;o__Actinomycetales,D15_306,0.012602898,0.198003564,Dry
306PNNLk127_19158703,Cluster115,Siphoviridae,k__Bacteria;p__Actinobacteria;c__Actinobacteria;o__Actinomycetales,D15_306,0.031576424,0.426525947,Dry
297PNNLk127_21950498,Cluster115,Siphoviridae,k__Bacteria;p__Actinobacteria;c__Actinobacteria;o__Actinomycetales,D15_306,0.035230874,0.426525947,Dry
306PNNLk127_29030829,Cluster115,Siphoviridae,k__Bacteria;p__Actinobacteria;c__Actinobacteria;o__Actinomycetales,D15_306,0.03667092,0.426525947,Dry
297PNNLk127_21950498,Cluster116,Siphoviridae,k__Bacteria;p__Actinobacteria;c__Actinobacteria;o__Actinomycetales,D15_306,0.040359962,0.198003564,Dry
306PNNLk127_18242967,Cluster115,Siphoviridae,k__Bacteria;p__Actinobacteria;c__Actinobacteria;o__Actinomycetales,D15_306,0.043109595,0.426525947,Dry
297PNNLk127_8931386,Cluster117,Siphoviridae,k__Bacteria;p__Actinobacteria;c__Actinobacteria;o__Actinomycetales,D15_306,0.154688046,2.070294709,Dry
306PNNLk127_19158703,Cluster117,Siphoviridae,k__Bacteria;p__Actinobacteria;c__Actinobacteria;o__Actinomycetales,D15_306,0.197597228,2.070294709,Dry
297PNNLk127_27523483,Cluster117,Unassigned,k__Bacteria;p__Actinobacteria;c__Actinobacteria;o__Actinomycetales,D15_306,0.236017856,2.070294709,Dry
306PNNLk127_18242967,Cluster117,Siphoviridae,k__Bacteria;p__Actinobacteria;c__Actinobacteria;o__Actinomycetales,D15_306,0.248013325,2.070294709,Dry
306PNNLk127_29030829,Cluster117,Siphoviridae,k__Bacteria;p__Actinobacteria;c__Actinobacteria;o__Actinomycetales,D15_306,0.269450756,2.070294709,Dry
297PNNLk127_21950498,Cluster117,Siphoviridae,k__Bacteria;p__Actinobacteria;c__Actinobacteria;o__Actinomycetales,D15_306,0.270248456,2.070294709,Dry
306PNNLk127_18242967,Cluster116,Siphoviridae,k__Bacteria;p__Actinobacteria;c__Actinobacteria;o__Actinomycetales,D15_317,0.027575696,0.182384308,Dry
306PNNLk127_29030829,Cluster116,Siphoviridae,k__Bacteria;p__Actinobacteria;c__Actinobacteria;o__Actinomycetales,D15_317,0.048450175,0.182384308,Dry
306PNNLk127_19158703,Cluster117,Siphoviridae,k__Bacteria;p__Actinobacteria;c__Actinobacteria;o__Actinomycetales,D15_317,0.1476239,0.803565564,Dry
306PNNLk127_18242967,Cluster117,Siphoviridae,k__Bacteria;p__Actinobacteria;c__Actinobacteria;o__Actinomycetales,D15_317,0.210349901,0.803565564,Dry
306PNNLk127_29030829,Cluster117,Siphoviridae,k__Bacteria;p__Actinobacteria;c__Actinobacteria;o__Actinomycetales,D15_317,0.241255119,0.803565564,Dry
297PNNLk127_8931386,Cluster117,Siphoviridae,k__Bacteria;p__Actinobacteria;c__Actinobacteria;o__Actinomycetales,D15_317,0.263424016,0.803565564,Dry
297PNNLk127_27523483,Cluster117,Unassigned,k__Bacteria;p__Actinobacteria;c__Actinobacteria;o__Actinomycetales,D15_317,0.3086773,0.803565564,Dry
297PNNLk127_21950498,Cluster117,Siphoviridae,k__Bacteria;p__Actinobacteria;c__Actinobacteria;o__Actinomycetales,D15_317,0.348378661,0.803565564,Dry
306PNNLk127_17212241,Cluster94,Siphoviridae,k__Bacteria;p__Proteobacteria;c__Alphaproteobacteria,D15_297,0.00698208,4.031197342,Dry
297PNNLk127_22059907,Cluster94,Unassigned,k__Bacteria;p__Proteobacteria;c__Alphaproteobacteria,D15_297,0.264182643,4.031197342,Dry
297PNNLk127_27728369,Cluster102,Unassigned,k__Bacteria;p__Proteobacteria;c__Alphaproteobacteria,D15_297,1.045306378,0.233438936,Dry
297PNNLk127_22059907,Cluster94,Unassigned,k__Bacteria;p__Proteobacteria;c__Alphaproteobacteria,D15_306,0.26997794,4.361185319,Dry
297PNNLk127_27728369,Cluster102,Unassigned,k__Bacteria;p__Proteobacteria;c__Alphaproteobacteria,D15_306,0.756227657,0.172873421,Dry
306PNNLk127_17212241,Cluster94,Siphoviridae,k__Bacteria;p__Proteobacteria;c__Alphaproteobacteria,D15_317,0.005983442,4.557370938,Dry
297PNNLk127_22059907,Cluster94,Unassigned,k__Bacteria;p__Proteobacteria;c__Alphaproteobacteria,D15_317,0.24530451,4.557370938,Dry
297PNNLk127_27728369,Cluster98,Unassigned,k__Bacteria;p__Proteobacteria;c__Alphaproteobacteria;o__Caulobacterales;f__Caulobacteraceae,D15_317,0.070472889,0.137760397,Dry
297PNNLk127_22059907,Cluster93,Unassigned,k__Bacteria;p__Proteobacteria;c__Alphaproteobacteria;o__Rhizobiales/Hyphomicrobiales,D15_297,0.021442407,0.111371855,Dry
317PNNLk127_20280552,Cluster76,Unassigned,k__Bacteria;p__Proteobacteria;c__Alphaproteobacteria;o__Rhizobiales/Hyphomicrobiales,D15_297,0.071506795,0.662049276,Dry
317PNNLk127_12386774,Cluster76,Unassigned,k__Bacteria;p__Proteobacteria;c__Alphaproteobacteria;o__Rhizobiales/Hyphomicrobiales,D15_297,0.197840301,0.662049276,Dry
324PNNLk141_12418206,Cluster76,Siphoviridae,k__Bacteria;p__Proteobacteria;c__Alphaproteobacteria;o__Rhizobiales/Hyphomicrobiales,D15_297,0.248149197,0.662049276,Dry
317PNNLk127_20280552,Cluster75,Unassigned,k__Bacteria;p__Proteobacteria;c__Alphaproteobacteria;o__Rhizobiales/Hyphomicrobiales,D15_297,0.427726778,1.325304008,Dry
317PNNLk127_12386774,Cluster75,Unassigned,k__Bacteria;p__Proteobacteria;c__Alphaproteobacteria;o__Rhizobiales/Hyphomicrobiales,D15_297,0.462268103,1.325304008,Dry
324PNNLk141_12418206,Cluster75,Siphoviridae,k__Bacteria;p__Proteobacteria;c__Alphaproteobacteria;o__Rhizobiales/Hyphomicrobiales,D15_297,0.765360369,1.325304008,Dry
306PNNLk127_17212241,Cluster89,Siphoviridae,k__Bacteria;p__Proteobacteria;c__Alphaproteobacteria;o__Rhizobiales/Hyphomicrobiales,D15_317,0.018012999,0.848119232,Dry
297PNNLk127_27728369,Cluster79,Unassigned,k__Bacteria;p__Proteobacteria;c__Alphaproteobacteria;o__Rhizobiales/Hyphomicrobiales,D15_317,0.018191635,0.711784527,Dry
297PNNLk127_27728369,Cluster89,Unassigned,k__Bacteria;p__Proteobacteria;c__Alphaproteobacteria;o__Rhizobiales/Hyphomicrobiales,D15_317,0.022820848,0.848119232,Dry
306PNNLk127_17212241,Cluster93,Siphoviridae,k__Bacteria;p__Proteobacteria;c__Alphaproteobacteria;o__Rhizobiales/Hyphomicrobiales,D15_317,0.024536641,0.102544312,Dry
306PNNLk127_6240701,Cluster90,Unassigned,k__Bacteria;p__Proteobacteria;c__Alphaproteobacteria;o__Rhizobiales/Hyphomicrobiales,D15_317,1.436831233,0.348475269,Dry
306PNNLk127_17212241,Cluster44,Siphoviridae,k__Bacteria;p__Proteobacteria;c__Betaproteobacteria,D15_297,1.216956238,1.504353508,Dry
306PNNLk127_17212241,Cluster44,Siphoviridae,k__Bacteria;p__Proteobacteria;c__Betaproteobacteria,D15_306,1.241984601,0.552724163,Dry
306PNNLk127_17212241,Cluster44,Siphoviridae,k__Bacteria;p__Proteobacteria;c__Betaproteobacteria,D15_317,1.129369486,1.044365804,Dry
306PNNLk127_18242967,Cluster48,Siphoviridae,k__Bacteria;p__Proteobacteria;c__Betaproteobacteria;o__Burkholderiales,D15_297,0.004435614,0.546830963,Dry
306PNNLk127_17212241,Cluster58,Siphoviridae,Unclassified,D15_297,0.029724542,0.04440246,Dry
317PNNLk127_20280552,Cluster72,Unassigned,Unclassified,D15_297,0.031198825,0.061260424,Dry
317PNNLk127_20280552,Cluster73,Unassigned,Unclassified,D15_297,0.0345778,0.057085164,Dry
324PNNLk141_12418206,Cluster72,Siphoviridae,Unclassified,D15_297,0.060901268,0.061260424,Dry
317PNNLk127_12386774,Cluster72,Unassigned,Unclassified,D15_297,0.08631886,0.061260424,Dry
324PNNLk141_12418206,Cluster73,Siphoviridae,Unclassified,D15_297,0.089996204,0.057085164,Dry
306PNNLk127_17212241,Cluster8,Siphoviridae,Unclassified,D15_306,0.002364715,4.299356978,Dry
306PNNLk127_17212241,Cluster58,Siphoviridae,Unclassified,D15_306,0.033429705,0.137903407,Dry
306PNNLk127_17212241,Cluster95,Siphoviridae,Unclassified,D15_317,0.024188352,0.025132174,Dry
306PNNLk127_17212241,Cluster58,Siphoviridae,Unclassified,D15_317,0.034629788,0.076424894,Dry
324PNNLk141_7436763,Cluster52,Unassigned,Unclassified,D15_317,0.718785403,0.520089004,Dry