VC,BinCluster,VC_tax,BinTax,Sample1,CopyPerCell,BinAbundance,Sample
335PNNLk141_9081860,Cluster25,Unassigned,d__Bacteria;p__Gemmatimonadota;c__Gemmatimonadetes;o__Gemmatimonadales;f__Gemmatimonadaceae,D1_324,0.053751297,0.220850457,D1
335PNNLk141_9081860,Cluster24,Unassigned,d__Bacteria;p__Gemmatimonadota;c__Gemmatimonadetes;o__Gemmatimonadales;f__Gemmatimonadaceae,D1_330,0.024851443,0.458408246,D1
335PNNLk141_9081860,Cluster21,Unassigned,d__Bacteria;p__Gemmatimonadota;c__Gemmatimonadetes;o__Longimicrobiales,D1_324,0.003098995,5.983430779,D1
324PNNLk141_26877992,Cluster21,Unassigned,d__Bacteria;p__Gemmatimonadota;c__Gemmatimonadetes;o__Longimicrobiales,D1_335,0.002947574,5.409013103,D1
335PNNLk141_9081860,Cluster57,Unassigned,k__Bacteria;p__Acidobacteria,D1_324,0.003543575,6.148417033,D1
324PNNLk141_26877992,Cluster57,Unassigned,k__Bacteria;p__Acidobacteria,D1_324,0.016966527,6.148417033,D1
335PNNLk141_9081860,Cluster57,Unassigned,k__Bacteria;p__Acidobacteria,D1_330,0.003716931,6.43293232,D1
324PNNLk141_26877992,Cluster57,Unassigned,k__Bacteria;p__Acidobacteria,D1_330,0.005427434,6.43293232,D1
324PNNLk141_26877992,Cluster29,Unassigned,k__Bacteria;p__Acidobacteria,D1_330,0.039111039,0.432944685,D1
324PNNLk141_26877992,Cluster57,Unassigned,k__Bacteria;p__Acidobacteria,D1_335,0.00272075,6.622298795,D1
335PNNLk141_9081860,Cluster56,Unassigned,k__Bacteria;p__Acidobacteria,D1_335,0.007702585,1.891348102,D1
324PNNLk141_26877992,Cluster56,Unassigned,k__Bacteria;p__Acidobacteria,D1_335,0.009779869,1.891348102,D1
335PNNLk141_9081860,Cluster134,Unassigned,k__Bacteria;p__Actinobacteria;c__Actinobacteria;o__Actinomycetales,D1_330,0.03727396,0.188520307,D1
324PNNLk141_22252961,Cluster14,Unassigned,k__Bacteria;p__Chlamydiae;c__Chlamydiia;o__Chlamydiales,D1_330,0.526451382,0.096241624,D1
324PNNLk141_26877992,Cluster85,Unassigned,k__Bacteria;p__Chloroflexi;c__Thermomicrobia,D1_330,0.028119154,0.262775368,D1
335PNNLk141_9081860,Cluster85,Unassigned,k__Bacteria;p__Chloroflexi;c__Thermomicrobia,D1_330,0.077028626,0.262775368,D1
324PNNLk141_26877992,Cluster94,Unassigned,k__Bacteria;p__Proteobacteria;c__Alphaproteobacteria,D1_324,0.348086716,1.295818186,D1
335PNNLk141_9081860,Cluster94,Unassigned,k__Bacteria;p__Proteobacteria;c__Alphaproteobacteria,D1_324,0.44528924,1.295818186,D1
335PNNLk141_9081860,Cluster94,Unassigned,k__Bacteria;p__Proteobacteria;c__Alphaproteobacteria,D1_330,0.464596256,1.617762337,D1
324PNNLk141_26877992,Cluster94,Unassigned,k__Bacteria;p__Proteobacteria;c__Alphaproteobacteria,D1_330,0.505474455,1.617762337,D1
324PNNLk141_26877992,Cluster94,Unassigned,k__Bacteria;p__Proteobacteria;c__Alphaproteobacteria,D1_335,0.4012369,2.084695525,D1
330PNNLk141_7025232,Cluster42,Siphoviridae,k__Bacteria;p__Proteobacteria;c__Alphaproteobacteria,D1_335,0.536376799,0.072085015,D1
335PNNLk141_9081860,Cluster94,Unassigned,k__Bacteria;p__Proteobacteria;c__Alphaproteobacteria,D1_335,0.551682961,2.084695525,D1
335PNNLk141_9081860,Cluster80,Unassigned,k__Bacteria;p__Proteobacteria;c__Alphaproteobacteria;o__Rhizobiales/Hyphomicrobiales,D1_330,0.044209683,0.202308345,D1
335PNNLk141_9081860,Cluster81,Unassigned,k__Bacteria;p__Proteobacteria;c__Alphaproteobacteria;o__Rhizobiales/Hyphomicrobiales,D1_330,0.046534416,0.291393752,D1
335PNNLk141_9081860,Cluster89,Unassigned,k__Bacteria;p__Proteobacteria;c__Alphaproteobacteria;o__Rhizobiales/Hyphomicrobiales,D1_324,0.037349448,0.748495894,D1
335PNNLk141_9081860,Cluster93,Unassigned,k__Bacteria;p__Proteobacteria;c__Alphaproteobacteria;o__Rhizobiales/Hyphomicrobiales,D1_324,0.126576664,0.119505402,D1
324PNNLk141_26877992,Cluster93,Unassigned,k__Bacteria;p__Proteobacteria;c__Alphaproteobacteria;o__Rhizobiales/Hyphomicrobiales,D1_335,0.024281659,0.090930059,D1
335PNNLk141_9081860,Cluster93,Unassigned,k__Bacteria;p__Proteobacteria;c__Alphaproteobacteria;o__Rhizobiales/Hyphomicrobiales,D1_335,0.076496548,0.090930059,D1
335PNNLk141_9081860,Cluster22,Unassigned,k__Bacteria;p__Proteobacteria;c__Gammaproteobacteria,D1_335,0.030394643,0.417713314,D1
335PNNLk141_23983548,Cluster9,Unassigned,Unclassified,D1_324,0.03404472,0.248747711,D1
335PNNLk141_9081860,Cluster91,Unassigned,Unclassified,D1_324,0.072082068,0.078807126,D1
335PNNLk141_23983548,Cluster8,Unassigned,Unclassified,D1_324,0.146771985,1.784266705,D1
335PNNLk141_23983548,Cluster12,Unassigned,Unclassified,D1_324,0.293557457,0.378059793,D1
335PNNLk141_9081860,Cluster92,Unassigned,Unclassified,D1_330,0.039096836,0.018637691,D1
335PNNLk141_23983548,Cluster11,Unassigned,Unclassified,D1_330,0.043468087,0.023817085,D1
335PNNLk141_23983548,Cluster9,Unassigned,Unclassified,D1_330,0.044340527,0.229852405,D1
335PNNLk141_9081860,Cluster73,Unassigned,Unclassified,D1_330,0.07614226,0.080051681,D1
335PNNLk141_23983548,Cluster8,Unassigned,Unclassified,D1_330,0.185279344,1.926223491,D1
335PNNLk141_23983548,Cluster12,Unassigned,Unclassified,D1_330,0.504189411,0.4115668,D1
324PNNLk141_26877992,Cluster96,Unassigned,Unclassified,D1_335,0.0135852,0.035188033,D1
335PNNLk141_9081860,Cluster96,Unassigned,Unclassified,D1_335,0.021399299,0.035188033,D1
335PNNLk141_23983548,Cluster10,Unassigned,Unclassified,D1_335,0.026802942,0.20588251,D1
335PNNLk141_9081860,Cluster92,Unassigned,Unclassified,D1_335,0.027289319,0.012546444,D1
324PNNLk141_26877992,Cluster91,Unassigned,Unclassified,D1_335,0.042284977,0.126776322,D1
335PNNLk141_9081860,Cluster91,Unassigned,Unclassified,D1_335,0.044404637,0.126776322,D1
335PNNLk141_23983548,Cluster11,Unassigned,Unclassified,D1_335,0.152626408,0.022646724,D1
335PNNLk141_23983548,Cluster8,Unassigned,Unclassified,D1_335,0.15561275,1.172859364,D1
335PNNLk141_23983548,Cluster12,Unassigned,Unclassified,D1_335,0.245993987,0.245003165,D1