Value,Sample,Variable1,Variable2,Variable3
0.045450024,Dry,Multiple Hosts,Cell Associated,b Relative abundance
0.093865619,Dry,Multiple Hosts,Cell Associated,b Relative abundance
0.098564362,Dry,Multiple Hosts,Cell Associated,b Relative abundance
0.007897399,Dry,One Host,Cell Associated,b Relative abundance
0.016775379,Dry,One Host,Cell Associated,b Relative abundance
0.019378224,Dry,One Host,Cell Associated,b Relative abundance
0.028368794,Dry,Multiple Hosts,Cell Associated,a Relative richness
0.017730496,Dry,Multiple Hosts,Cell Associated,a Relative richness
0.017730496,Dry,Multiple Hosts,Cell Associated,a Relative richness
0.014184397,Dry,One Host,Cell Associated,a Relative richness
0.010638298,Dry,One Host,Cell Associated,a Relative richness
0.021276596,Dry,One Host,Cell Associated,a Relative richness