id,Taxonomy,Class
335PNNLk141_10705766,Inoviridae,Faserviricetes
297PNNLk127_11347631,Myoviridae,Caudoviricetes
297PNNLk127_16973981,Myoviridae,Caudoviricetes
297PNNLk127_20645086,Myoviridae,Caudoviricetes
297PNNLk127_21872633,Myoviridae,Caudoviricetes
297PNNLk127_632599,Myoviridae,Caudoviricetes
306PNNLk127_10222957,Myoviridae,Caudoviricetes
306PNNLk127_14857765,Myoviridae,Caudoviricetes
306PNNLk127_32371566,Myoviridae,Caudoviricetes
306PNNLk127_3658784,Myoviridae,Caudoviricetes
317PNNLk127_13494837,Myoviridae,Caudoviricetes
324PNNLk141_11945015,Myoviridae,Caudoviricetes
324PNNLk141_13264664,Myoviridae,Caudoviricetes
324PNNLk141_16312646,Myoviridae,Caudoviricetes
324PNNLk141_3917694,Myoviridae,Caudoviricetes
330PNNLk141_2357720,Myoviridae,Caudoviricetes
330PNNLk141_5089085,Myoviridae,Caudoviricetes
330PNNLk141_8217033,Myoviridae,Caudoviricetes
335PNNLk141_16672590,Myoviridae,Caudoviricetes
335PNNLk141_21433634,Myoviridae,Caudoviricetes
335PNNLk141_23473040,Myoviridae,Caudoviricetes
335PNNLk141_6466550,Myoviridae,Caudoviricetes
297PNNLk127_28192786,Podoviridae,Caudoviricetes
297PNNLk127_30933829,Podoviridae,Caudoviricetes
297PNNLk127_9358067,Podoviridae,Caudoviricetes
306PNNLk127_20716261,Podoviridae,Caudoviricetes
306PNNLk127_24830457,Podoviridae,Caudoviricetes
306PNNLk127_26876051,Podoviridae,Caudoviricetes
306PNNLk127_28542211,Podoviridae,Caudoviricetes
317PNNLk127_21973783,Podoviridae,Caudoviricetes
324PNNLk141_15475024,Podoviridae,Caudoviricetes
324PNNLk141_9799790,Podoviridae,Caudoviricetes
330PNNLk141_14391367,Podoviridae,Caudoviricetes
330PNNLk141_15399714,Podoviridae,Caudoviricetes
330PNNLk141_17081475,Podoviridae,Caudoviricetes
330PNNLk141_22574476,Podoviridae,Caudoviricetes
335PNNLk141_12595464,Podoviridae,Caudoviricetes
335PNNLk141_13152216,Podoviridae,Caudoviricetes
335PNNLk141_13500371,Podoviridae,Caudoviricetes
335PNNLk141_24370663,Podoviridae,Caudoviricetes
297PNNLk127_10086835,Siphoviridae,Caudoviricetes
297PNNLk127_1173062,Siphoviridae,Caudoviricetes
297PNNLk127_13415058,Siphoviridae,Caudoviricetes
297PNNLk127_13745438,Siphoviridae,Caudoviricetes
297PNNLk127_13790819,Siphoviridae,Caudoviricetes
297PNNLk127_13902968,Siphoviridae,Caudoviricetes
297PNNLk127_1401770,Siphoviridae,Caudoviricetes
297PNNLk127_1518318,Siphoviridae,Caudoviricetes
297PNNLk127_1566576,Siphoviridae,Caudoviricetes
297PNNLk127_16171771,Siphoviridae,Caudoviricetes
297PNNLk127_16932172,Siphoviridae,Caudoviricetes
297PNNLk127_17195051,Siphoviridae,Caudoviricetes
297PNNLk127_18218464,Siphoviridae,Caudoviricetes
297PNNLk127_18579517,Siphoviridae,Caudoviricetes
297PNNLk127_18885631,Siphoviridae,Caudoviricetes
297PNNLk127_19384139,Siphoviridae,Caudoviricetes
297PNNLk127_20364132,Siphoviridae,Caudoviricetes
297PNNLk127_21950498,Siphoviridae,Caudoviricetes
297PNNLk127_22256484,Siphoviridae,Caudoviricetes
297PNNLk127_23423202,Siphoviridae,Caudoviricetes
297PNNLk127_24472851,Siphoviridae,Caudoviricetes
297PNNLk127_2718213,Siphoviridae,Caudoviricetes
297PNNLk127_29793862,Siphoviridae,Caudoviricetes
297PNNLk127_30179859,Siphoviridae,Caudoviricetes
297PNNLk127_3078079,Siphoviridae,Caudoviricetes
297PNNLk127_31299033,Siphoviridae,Caudoviricetes
297PNNLk127_31609011,Siphoviridae,Caudoviricetes
297PNNLk127_31671375,Siphoviridae,Caudoviricetes
297PNNLk127_31684188,Siphoviridae,Caudoviricetes
297PNNLk127_32378992,Siphoviridae,Caudoviricetes
297PNNLk127_3997225,Siphoviridae,Caudoviricetes
297PNNLk127_4341016,Siphoviridae,Caudoviricetes
297PNNLk127_4606449,Siphoviridae,Caudoviricetes
297PNNLk127_4974403,Siphoviridae,Caudoviricetes
297PNNLk127_6814368,Siphoviridae,Caudoviricetes
297PNNLk127_7045892,Siphoviridae,Caudoviricetes
297PNNLk127_8623838,Siphoviridae,Caudoviricetes
297PNNLk127_8631054,Siphoviridae,Caudoviricetes
297PNNLk127_8931386,Siphoviridae,Caudoviricetes
297PNNLk127_9017785,Siphoviridae,Caudoviricetes
297PNNLk127_913172,Siphoviridae,Caudoviricetes
297PNNLk127_939598,Siphoviridae,Caudoviricetes
306PNNLk127_11139065,Siphoviridae,Caudoviricetes
306PNNLk127_12832067,Siphoviridae,Caudoviricetes
306PNNLk127_14148323,Siphoviridae,Caudoviricetes
306PNNLk127_14351601,Siphoviridae,Caudoviricetes
306PNNLk127_15589156,Siphoviridae,Caudoviricetes
306PNNLk127_17197505,Siphoviridae,Caudoviricetes
306PNNLk127_17212241,Siphoviridae,Caudoviricetes
306PNNLk127_17611798,Siphoviridae,Caudoviricetes
306PNNLk127_17903929,Siphoviridae,Caudoviricetes
306PNNLk127_18242967,Siphoviridae,Caudoviricetes
306PNNLk127_18497436,Siphoviridae,Caudoviricetes
306PNNLk127_19113077,Siphoviridae,Caudoviricetes
306PNNLk127_19158703,Siphoviridae,Caudoviricetes
306PNNLk127_19253229,Siphoviridae,Caudoviricetes
306PNNLk127_20212210,Siphoviridae,Caudoviricetes
306PNNLk127_20415081,Siphoviridae,Caudoviricetes
306PNNLk127_22026436,Siphoviridae,Caudoviricetes
306PNNLk127_22465456,Siphoviridae,Caudoviricetes
306PNNLk127_22754223,Siphoviridae,Caudoviricetes
306PNNLk127_23495138,Siphoviridae,Caudoviricetes
306PNNLk127_25233945,Siphoviridae,Caudoviricetes
306PNNLk127_25241929,Siphoviridae,Caudoviricetes
306PNNLk127_25496825,Siphoviridae,Caudoviricetes
306PNNLk127_2680416,Siphoviridae,Caudoviricetes
306PNNLk127_28197798,Siphoviridae,Caudoviricetes
306PNNLk127_29030829,Siphoviridae,Caudoviricetes
306PNNLk127_29730026,Siphoviridae,Caudoviricetes
306PNNLk127_31642440,Siphoviridae,Caudoviricetes
306PNNLk127_33049263,Siphoviridae,Caudoviricetes
306PNNLk127_33049465,Siphoviridae,Caudoviricetes
306PNNLk127_375565,Siphoviridae,Caudoviricetes
306PNNLk127_6960444,Siphoviridae,Caudoviricetes
306PNNLk127_789870,Siphoviridae,Caudoviricetes
306PNNLk127_875877,Siphoviridae,Caudoviricetes
306PNNLk127_9040050,Siphoviridae,Caudoviricetes
306PNNLk127_9574174,Siphoviridae,Caudoviricetes
306PNNLk127_9957702,Siphoviridae,Caudoviricetes
317PNNLk127_10347505,Siphoviridae,Caudoviricetes
317PNNLk127_11353029,Siphoviridae,Caudoviricetes
317PNNLk127_12890859,Siphoviridae,Caudoviricetes
317PNNLk127_13042448,Siphoviridae,Caudoviricetes
317PNNLk127_1426902,Siphoviridae,Caudoviricetes
317PNNLk127_14297064,Siphoviridae,Caudoviricetes
317PNNLk127_14316005,Siphoviridae,Caudoviricetes
317PNNLk127_14534054,Siphoviridae,Caudoviricetes
317PNNLk127_14738531,Siphoviridae,Caudoviricetes
317PNNLk127_15386933,Siphoviridae,Caudoviricetes
317PNNLk127_16268243,Siphoviridae,Caudoviricetes
317PNNLk127_16362276,Siphoviridae,Caudoviricetes
317PNNLk127_17205231,Siphoviridae,Caudoviricetes
317PNNLk127_17499630,Siphoviridae,Caudoviricetes
317PNNLk127_20298076,Siphoviridae,Caudoviricetes
317PNNLk127_23135804,Siphoviridae,Caudoviricetes
317PNNLk127_23482427,Siphoviridae,Caudoviricetes
317PNNLk127_24114945,Siphoviridae,Caudoviricetes
317PNNLk127_25757905,Siphoviridae,Caudoviricetes
317PNNLk127_27640077,Siphoviridae,Caudoviricetes
317PNNLk127_28830191,Siphoviridae,Caudoviricetes
317PNNLk127_29455330,Siphoviridae,Caudoviricetes
317PNNLk127_31456668,Siphoviridae,Caudoviricetes
317PNNLk127_5823217,Siphoviridae,Caudoviricetes
317PNNLk127_6320050,Siphoviridae,Caudoviricetes
317PNNLk127_6740040,Siphoviridae,Caudoviricetes
317PNNLk127_7845662,Siphoviridae,Caudoviricetes
324PNNLk141_10910450,Siphoviridae,Caudoviricetes
324PNNLk141_12418206,Siphoviridae,Caudoviricetes
324PNNLk141_1319898,Siphoviridae,Caudoviricetes
324PNNLk141_13577363,Siphoviridae,Caudoviricetes
324PNNLk141_15565964,Siphoviridae,Caudoviricetes
324PNNLk141_15871154,Siphoviridae,Caudoviricetes
324PNNLk141_15974711,Siphoviridae,Caudoviricetes
324PNNLk141_16686250,Siphoviridae,Caudoviricetes
324PNNLk141_17833313,Siphoviridae,Caudoviricetes
324PNNLk141_19952865,Siphoviridae,Caudoviricetes
324PNNLk141_20286161,Siphoviridae,Caudoviricetes
324PNNLk141_21113435,Siphoviridae,Caudoviricetes
324PNNLk141_2122190,Siphoviridae,Caudoviricetes
324PNNLk141_21602043,Siphoviridae,Caudoviricetes
324PNNLk141_22367176,Siphoviridae,Caudoviricetes
324PNNLk141_23072493,Siphoviridae,Caudoviricetes
324PNNLk141_2528019,Siphoviridae,Caudoviricetes
324PNNLk141_26258690,Siphoviridae,Caudoviricetes
324PNNLk141_27019909,Siphoviridae,Caudoviricetes
324PNNLk141_4058668,Siphoviridae,Caudoviricetes
324PNNLk141_4132267,Siphoviridae,Caudoviricetes
324PNNLk141_6534293,Siphoviridae,Caudoviricetes
324PNNLk141_7449050,Siphoviridae,Caudoviricetes
324PNNLk141_7721808,Siphoviridae,Caudoviricetes
324PNNLk141_7995775,Siphoviridae,Caudoviricetes
324PNNLk141_8864523,Siphoviridae,Caudoviricetes
324PNNLk141_946766,Siphoviridae,Caudoviricetes
324PNNLk141_9970838,Siphoviridae,Caudoviricetes
330PNNLk141_10050368,Siphoviridae,Caudoviricetes
330PNNLk141_10998953,Siphoviridae,Caudoviricetes
330PNNLk141_11258612,Siphoviridae,Caudoviricetes
330PNNLk141_12506018,Siphoviridae,Caudoviricetes
330PNNLk141_138793,Siphoviridae,Caudoviricetes
330PNNLk141_14468552,Siphoviridae,Caudoviricetes
330PNNLk141_14559830,Siphoviridae,Caudoviricetes
330PNNLk141_15170652,Siphoviridae,Caudoviricetes
330PNNLk141_15706110,Siphoviridae,Caudoviricetes
330PNNLk141_16007739,Siphoviridae,Caudoviricetes
330PNNLk141_16802687,Siphoviridae,Caudoviricetes
330PNNLk141_16939435,Siphoviridae,Caudoviricetes
330PNNLk141_17200274,Siphoviridae,Caudoviricetes
330PNNLk141_18125946,Siphoviridae,Caudoviricetes
330PNNLk141_18275724,Siphoviridae,Caudoviricetes
330PNNLk141_18931648,Siphoviridae,Caudoviricetes
330PNNLk141_19176365,Siphoviridae,Caudoviricetes
330PNNLk141_19650385,Siphoviridae,Caudoviricetes
330PNNLk141_19687597,Siphoviridae,Caudoviricetes
330PNNLk141_19821860,Siphoviridae,Caudoviricetes
330PNNLk141_20687374,Siphoviridae,Caudoviricetes
330PNNLk141_21039677,Siphoviridae,Caudoviricetes
330PNNLk141_2112261,Siphoviridae,Caudoviricetes
330PNNLk141_24314368,Siphoviridae,Caudoviricetes
330PNNLk141_2507539,Siphoviridae,Caudoviricetes
330PNNLk141_25313477,Siphoviridae,Caudoviricetes
330PNNLk141_27525550,Siphoviridae,Caudoviricetes
330PNNLk141_27525953,Siphoviridae,Caudoviricetes
330PNNLk141_2879031,Siphoviridae,Caudoviricetes
330PNNLk141_2955591,Siphoviridae,Caudoviricetes
330PNNLk141_3951213,Siphoviridae,Caudoviricetes
330PNNLk141_5056671,Siphoviridae,Caudoviricetes
330PNNLk141_6684519,Siphoviridae,Caudoviricetes
330PNNLk141_7025232,Siphoviridae,Caudoviricetes
330PNNLk141_8945089,Siphoviridae,Caudoviricetes
330PNNLk141_9138805,Siphoviridae,Caudoviricetes
330PNNLk141_9591846,Siphoviridae,Caudoviricetes
330PNNLk141_9716610,Siphoviridae,Caudoviricetes
335PNNLk141_10431726,Siphoviridae,Caudoviricetes
335PNNLk141_10470418,Siphoviridae,Caudoviricetes
335PNNLk141_1063877,Siphoviridae,Caudoviricetes
335PNNLk141_11196649,Siphoviridae,Caudoviricetes
335PNNLk141_11924693,Siphoviridae,Caudoviricetes
335PNNLk141_12288514,Siphoviridae,Caudoviricetes
335PNNLk141_13671071,Siphoviridae,Caudoviricetes
335PNNLk141_14945487,Siphoviridae,Caudoviricetes
335PNNLk141_15121400,Siphoviridae,Caudoviricetes
335PNNLk141_16379621,Siphoviridae,Caudoviricetes
335PNNLk141_16607766,Siphoviridae,Caudoviricetes
335PNNLk141_18290376,Siphoviridae,Caudoviricetes
335PNNLk141_20088471,Siphoviridae,Caudoviricetes
335PNNLk141_20970853,Siphoviridae,Caudoviricetes
335PNNLk141_21140896,Siphoviridae,Caudoviricetes
335PNNLk141_21506676,Siphoviridae,Caudoviricetes
335PNNLk141_21934894,Siphoviridae,Caudoviricetes
335PNNLk141_22134743,Siphoviridae,Caudoviricetes
335PNNLk141_2215434,Siphoviridae,Caudoviricetes
335PNNLk141_22732220,Siphoviridae,Caudoviricetes
335PNNLk141_2382702,Siphoviridae,Caudoviricetes
335PNNLk141_24360267,Siphoviridae,Caudoviricetes
335PNNLk141_27525018,Siphoviridae,Caudoviricetes
335PNNLk141_27525049,Siphoviridae,Caudoviricetes
335PNNLk141_27525244,Siphoviridae,Caudoviricetes
335PNNLk141_4047416,Siphoviridae,Caudoviricetes
335PNNLk141_4323410,Siphoviridae,Caudoviricetes
335PNNLk141_4389871,Siphoviridae,Caudoviricetes
335PNNLk141_4816916,Siphoviridae,Caudoviricetes
335PNNLk141_5023694,Siphoviridae,Caudoviricetes
335PNNLk141_5386600,Siphoviridae,Caudoviricetes
335PNNLk141_6918445,Siphoviridae,Caudoviricetes
335PNNLk141_8330890,Siphoviridae,Caudoviricetes
335PNNLk141_9384562,Siphoviridae,Caudoviricetes
335PNNLk141_9986042,Siphoviridae,Caudoviricetes
297PNNLk127_100389,Unassigned,Unassigned
297PNNLk127_10185044,Unassigned,Unassigned
297PNNLk127_10239870,Unassigned,Unassigned
297PNNLk127_11232727,Unassigned,Unassigned
297PNNLk127_11705327,Unassigned,Unassigned
297PNNLk127_11977353,Unassigned,Unassigned
297PNNLk127_12459664,Unassigned,Unassigned
297PNNLk127_14510276,Unassigned,Unassigned
297PNNLk127_16016859,Unassigned,Unassigned
297PNNLk127_17044352,Unassigned,Unassigned
297PNNLk127_18624403,Unassigned,Unassigned
297PNNLk127_18967101,Unassigned,Unassigned
297PNNLk127_1957710,Unassigned,Unassigned
297PNNLk127_19736037,Unassigned,Unassigned
297PNNLk127_19886925,Unassigned,Unassigned
297PNNLk127_20702780,Unassigned,Unassigned
297PNNLk127_21859399,Unassigned,Unassigned
297PNNLk127_22059907,Unassigned,Unassigned
297PNNLk127_22243580,Unassigned,Unassigned
297PNNLk127_2372174,Unassigned,Unassigned
297PNNLk127_24013034,Unassigned,Unassigned
297PNNLk127_24999348,Unassigned,Unassigned
297PNNLk127_25352306,Unassigned,Unassigned
297PNNLk127_25648814,Unassigned,Unassigned
297PNNLk127_27523483,Unassigned,Unassigned
297PNNLk127_27700792,Unassigned,Unassigned
297PNNLk127_27728369,Unassigned,Unassigned
297PNNLk127_28834726,Unassigned,Unassigned
297PNNLk127_29188967,Unassigned,Unassigned
297PNNLk127_29223082,Unassigned,Unassigned
297PNNLk127_29328276,Unassigned,Unassigned
297PNNLk127_30919418,Unassigned,Unassigned
297PNNLk127_31012963,Unassigned,Unassigned
297PNNLk127_3139623,Unassigned,Unassigned
297PNNLk127_32098652,Unassigned,Unassigned
297PNNLk127_32328300,Unassigned,Unassigned
297PNNLk127_3539367,Unassigned,Unassigned
297PNNLk127_3921839,Unassigned,Unassigned
297PNNLk127_7292940,Unassigned,Unassigned
297PNNLk127_768026,Unassigned,Unassigned
297PNNLk127_8079703,Unassigned,Unassigned
297PNNLk127_9055382,Unassigned,Unassigned
297PNNLk127_999448,Unassigned,Unassigned
306PNNLk127_10708510,Unassigned,Unassigned
306PNNLk127_11597435,Unassigned,Unassigned
306PNNLk127_12619564,Unassigned,Unassigned
306PNNLk127_14379271,Unassigned,Unassigned
306PNNLk127_14939455,Unassigned,Unassigned
306PNNLk127_16172252,Unassigned,Unassigned
306PNNLk127_18302584,Unassigned,Unassigned
306PNNLk127_19808070,Unassigned,Unassigned
306PNNLk127_199662,Unassigned,Unassigned
306PNNLk127_20032120,Unassigned,Unassigned
306PNNLk127_21594623,Unassigned,Unassigned
306PNNLk127_22029235,Unassigned,Unassigned
306PNNLk127_22136532,Unassigned,Unassigned
306PNNLk127_22813806,Unassigned,Unassigned
306PNNLk127_23598770,Unassigned,Unassigned
306PNNLk127_23992890,Unassigned,Unassigned
306PNNLk127_25618897,Unassigned,Unassigned
306PNNLk127_26601836,Unassigned,Unassigned
306PNNLk127_26669624,Unassigned,Unassigned
306PNNLk127_2767677,Unassigned,Unassigned
306PNNLk127_29317565,Unassigned,Unassigned
306PNNLk127_29437674,Unassigned,Unassigned
306PNNLk127_30489524,Unassigned,Unassigned
306PNNLk127_31508278,Unassigned,Unassigned
306PNNLk127_32417460,Unassigned,Unassigned
306PNNLk127_4409780,Unassigned,Unassigned
306PNNLk127_4632000,Unassigned,Unassigned
306PNNLk127_5138182,Unassigned,Unassigned
306PNNLk127_5306419,Unassigned,Unassigned
306PNNLk127_5700311,Unassigned,Unassigned
306PNNLk127_5800222,Unassigned,Unassigned
306PNNLk127_5935746,Unassigned,Unassigned
306PNNLk127_6240701,Unassigned,Unassigned
306PNNLk127_7343363,Unassigned,Unassigned
306PNNLk127_8497528,Unassigned,Unassigned
306PNNLk127_9559234,Unassigned,Unassigned
317PNNLk127_10287891,Unassigned,Unassigned
317PNNLk127_12386774,Unassigned,Unassigned
317PNNLk127_12742288,Unassigned,Unassigned
317PNNLk127_13385017,Unassigned,Unassigned
317PNNLk127_14682507,Unassigned,Unassigned
317PNNLk127_14946077,Unassigned,Unassigned
317PNNLk127_16454798,Unassigned,Unassigned
317PNNLk127_17255471,Unassigned,Unassigned
317PNNLk127_17259476,Unassigned,Unassigned
317PNNLk127_19869000,Unassigned,Unassigned
317PNNLk127_20280552,Unassigned,Unassigned
317PNNLk127_21363407,Unassigned,Unassigned
317PNNLk127_22405115,Unassigned,Unassigned
317PNNLk127_22540142,Unassigned,Unassigned
317PNNLk127_22930742,Unassigned,Unassigned
317PNNLk127_24875169,Unassigned,Unassigned
317PNNLk127_25582657,Unassigned,Unassigned
317PNNLk127_27586393,Unassigned,Unassigned
317PNNLk127_28350047,Unassigned,Unassigned
317PNNLk127_291560,Unassigned,Unassigned
317PNNLk127_29897622,Unassigned,Unassigned
317PNNLk127_31255616,Unassigned,Unassigned
317PNNLk127_32517846,Unassigned,Unassigned
317PNNLk127_3509951,Unassigned,Unassigned
317PNNLk127_555273,Unassigned,Unassigned
317PNNLk127_665675,Unassigned,Unassigned
317PNNLk127_9153179,Unassigned,Unassigned
317PNNLk127_9190939,Unassigned,Unassigned
317PNNLk127_9255142,Unassigned,Unassigned
317PNNLk127_960857,Unassigned,Unassigned
324PNNLk141_10081720,Unassigned,Unassigned
324PNNLk141_11726052,Unassigned,Unassigned
324PNNLk141_12391806,Unassigned,Unassigned
324PNNLk141_12595632,Unassigned,Unassigned
324PNNLk141_12627229,Unassigned,Unassigned
324PNNLk141_12916376,Unassigned,Unassigned
324PNNLk141_13710817,Unassigned,Unassigned
324PNNLk141_13912032,Unassigned,Unassigned
324PNNLk141_15370012,Unassigned,Unassigned
324PNNLk141_15664519,Unassigned,Unassigned
324PNNLk141_16199564,Unassigned,Unassigned
324PNNLk141_16514756,Unassigned,Unassigned
324PNNLk141_16630858,Unassigned,Unassigned
324PNNLk141_16661321,Unassigned,Unassigned
324PNNLk141_1702850,Unassigned,Unassigned
324PNNLk141_17158859,Unassigned,Unassigned
324PNNLk141_17234852,Unassigned,Unassigned
324PNNLk141_1966844,Unassigned,Unassigned
324PNNLk141_1973776,Unassigned,Unassigned
324PNNLk141_22252961,Unassigned,Unassigned
324PNNLk141_22605963,Unassigned,Unassigned
324PNNLk141_22747167,Unassigned,Unassigned
324PNNLk141_2326902,Unassigned,Unassigned
324PNNLk141_23642621,Unassigned,Unassigned
324PNNLk141_25190844,Unassigned,Unassigned
324PNNLk141_26877992,Unassigned,Unassigned
324PNNLk141_27131652,Unassigned,Unassigned
324PNNLk141_3022574,Unassigned,Unassigned
324PNNLk141_3027678,Unassigned,Unassigned
324PNNLk141_3194728,Unassigned,Unassigned
324PNNLk141_4243497,Unassigned,Unassigned
324PNNLk141_4912410,Unassigned,Unassigned
324PNNLk141_4977459,Unassigned,Unassigned
324PNNLk141_5183066,Unassigned,Unassigned
324PNNLk141_5926469,Unassigned,Unassigned
324PNNLk141_6731647,Unassigned,Unassigned
324PNNLk141_7372214,Unassigned,Unassigned
324PNNLk141_7436763,Unassigned,Unassigned
324PNNLk141_8126742,Unassigned,Unassigned
324PNNLk141_8713745,Unassigned,Unassigned
324PNNLk141_8916239,Unassigned,Unassigned
324PNNLk141_9118860,Unassigned,Unassigned
330PNNLk141_1097093,Unassigned,Unassigned
330PNNLk141_11063348,Unassigned,Unassigned
330PNNLk141_11283483,Unassigned,Unassigned
330PNNLk141_11883943,Unassigned,Unassigned
330PNNLk141_13351729,Unassigned,Unassigned
330PNNLk141_147165,Unassigned,Unassigned
330PNNLk141_14772100,Unassigned,Unassigned
330PNNLk141_15388879,Unassigned,Unassigned
330PNNLk141_16258006,Unassigned,Unassigned
330PNNLk141_18279767,Unassigned,Unassigned
330PNNLk141_18878544,Unassigned,Unassigned
330PNNLk141_19322002,Unassigned,Unassigned
330PNNLk141_19428143,Unassigned,Unassigned
330PNNLk141_19685937,Unassigned,Unassigned
330PNNLk141_19748717,Unassigned,Unassigned
330PNNLk141_19792306,Unassigned,Unassigned
330PNNLk141_20091233,Unassigned,Unassigned
330PNNLk141_20298240,Unassigned,Unassigned
330PNNLk141_20553419,Unassigned,Unassigned
330PNNLk141_21181374,Unassigned,Unassigned
330PNNLk141_22117730,Unassigned,Unassigned
330PNNLk141_22273456,Unassigned,Unassigned
330PNNLk141_22804353,Unassigned,Unassigned
330PNNLk141_23113889,Unassigned,Unassigned
330PNNLk141_23284418,Unassigned,Unassigned
330PNNLk141_2403079,Unassigned,Unassigned
330PNNLk141_24120187,Unassigned,Unassigned
330PNNLk141_25159981,Unassigned,Unassigned
330PNNLk141_25404113,Unassigned,Unassigned
330PNNLk141_25799235,Unassigned,Unassigned
330PNNLk141_27180747,Unassigned,Unassigned
330PNNLk141_27256026,Unassigned,Unassigned
330PNNLk141_27490306,Unassigned,Unassigned
330PNNLk141_4057786,Unassigned,Unassigned
330PNNLk141_4241659,Unassigned,Unassigned
330PNNLk141_426260,Unassigned,Unassigned
330PNNLk141_464197,Unassigned,Unassigned
330PNNLk141_5107130,Unassigned,Unassigned
330PNNLk141_6210833,Unassigned,Unassigned
330PNNLk141_6230257,Unassigned,Unassigned
330PNNLk141_6339866,Unassigned,Unassigned
330PNNLk141_6733341,Unassigned,Unassigned
330PNNLk141_7697681,Unassigned,Unassigned
330PNNLk141_7947987,Unassigned,Unassigned
330PNNLk141_8958749,Unassigned,Unassigned
335PNNLk141_10591017,Unassigned,Unassigned
335PNNLk141_11264958,Unassigned,Unassigned
335PNNLk141_12124752,Unassigned,Unassigned
335PNNLk141_14427718,Unassigned,Unassigned
335PNNLk141_16139309,Unassigned,Unassigned
335PNNLk141_17667583,Unassigned,Unassigned
335PNNLk141_1777667,Unassigned,Unassigned
335PNNLk141_18071170,Unassigned,Unassigned
335PNNLk141_20223727,Unassigned,Unassigned
335PNNLk141_20277757,Unassigned,Unassigned
335PNNLk141_20858737,Unassigned,Unassigned
335PNNLk141_21355983,Unassigned,Unassigned
335PNNLk141_21363566,Unassigned,Unassigned
335PNNLk141_21893196,Unassigned,Unassigned
335PNNLk141_21965071,Unassigned,Unassigned
335PNNLk141_22114936,Unassigned,Unassigned
335PNNLk141_22201609,Unassigned,Unassigned
335PNNLk141_22786928,Unassigned,Unassigned
335PNNLk141_23304538,Unassigned,Unassigned
335PNNLk141_23983548,Unassigned,Unassigned
335PNNLk141_24401142,Unassigned,Unassigned
335PNNLk141_24973829,Unassigned,Unassigned
335PNNLk141_25236608,Unassigned,Unassigned
335PNNLk141_25309910,Unassigned,Unassigned
335PNNLk141_26249776,Unassigned,Unassigned
335PNNLk141_26420616,Unassigned,Unassigned
335PNNLk141_2712108,Unassigned,Unassigned
335PNNLk141_286233,Unassigned,Unassigned
335PNNLk141_322409,Unassigned,Unassigned
335PNNLk141_3526950,Unassigned,Unassigned
335PNNLk141_5489472,Unassigned,Unassigned
335PNNLk141_6967959,Unassigned,Unassigned
335PNNLk141_7667360,Unassigned,Unassigned
335PNNLk141_8663102,Unassigned,Unassigned
335PNNLk141_9081860,Unassigned,Unassigned
335PNNLk141_9532382,Unassigned,Unassigned